asin,category,rank,product_name,price,rating,review_count
B08JHCVHTY,electronics,1,blink plus plan with monthly auto-renewal,11.99,4.4,275499
B0DCH8VDXF,electronics,2,"Apple EarPods Headphones with USB-C Plug, Wired Ear Buds with Built-in Remote to Control Music, Phone Calls, and Volume",19,4.6,13159
B0DGHMNQ5Z,electronics,3,"Apple AirPods 4 Wireless Earbuds, Bluetooth Headphones, Personalized Spatial Audio, Sweat and Water Resistant, USB-C Charging Case, H2 Chip, Up to 30 Hours of Battery Life, Effortless Setup for iPhone",99,4.6,28982
B0GJTFXNRX,electronics,4,"Apple AirTag (2nd Generation): Tracker for Keychain, Wallet, and More; Locator with Sound; Simple One-Tap Setup with iPhone or iPad; Key Finder with up to 1.5X Precision Finding Range",29,4.6,3263
B0FQFB8FMG,electronics,5,"Apple AirPods Pro 3 Wireless Earbuds, Active Noise Cancellation, Live Translation, Heart Rate Sensing, Hearing Aid Feature, Bluetooth Headphones, Spatial Audio, High-Fidelity Sound, USB-C Charging",199.99,4.5,9105
B0DZ75TN5F,electronics,6,"Apple iPad 11-inch: A16 chip, 11-inch Model, Liquid Retina Display, 128GB, Wi-Fi 6, 12MP Front/12MP Back Camera, Touch ID, All-Day Battery Life — Blue",299,4.7,23275
B0CFPJYX7P,electronics,7,"Amazon Kindle Paperwhite 16GB (newest model) – 20% faster, with new 7"" glare-free display and weeks of battery life – Black",134.99,4.7,18063
B09B8V1LZ3,electronics,8,"Amazon Echo Dot (newest model) - Vibrant sounding speaker, Designed for Alexa+, Great for bedrooms, dining rooms and offices, Charcoal",39.99,4.7,191962
B0DXXYS4BJ,electronics,9,"Roku Streaming Stick HD — HD Streaming Device for TV with Roku Voice Remote, Free & Live TV",24.99,4.7,18872
B0FQF9ZX7P,electronics,10,"Apple Watch Series 11 [GPS 42mm] Smartwatch with Rose Gold Aluminum Case with Light Blush Sport Band - S/M. Sleep Score, Fitness Tracker, Health Monitoring, Always-On Display, Water Resistant",299,4.7,4489
B0CQMRKRV5,electronics,11,"Amazon Fire TV Stick HD, free and live TV, Alexa Voice Remote, smart home controls, HD streaming",34.99,4.7,65823
B08R6S1M1K,electronics,12,"Wall Charger, Surge Protector, QINLIANF 5 Outlet Extender with 4 USB Charging Ports, 3-Sided 1680J Power Strip Multi Plug Adapter Spaced for Home Travel Office",9.99,4.7,112788
B09PDLBFKY,electronics,13,"6 Ft Surge Protector Power Strip - 8 Widely Outlets with 4 USB Ports, 3 Side Outlet Extender with 6 Feet Extension Cord, Flat Plug, Wall Mount, Desk USB Charging Station, ETL,White",8.98,4.6,49120
B00EB4ADQW,electronics,14,"FUJIFILM Instax Mini Instant Film Twin Pack (White), 20 Photos",16.98,4.8,111566
B0DZ254SSR,electronics,15,"10Ft Extension Cord with Multiple Outlets, Flat Plug Surge Protector Power Strip 10 Ft Long Cord, 8 Outlets & 4 USB Ports (2 USB C), Desk Charging Station for Home Office, College Dorm Room Essentials",12.98,4.8,4952
B09Z6Q2MLC,electronics,16,"(Pack of 2) Replacement Remote Control Only for Roku TV, Compatible for TCL Roku/Hisense Roku/Onn Roku/Sharp Roku/Element Roku/Westinghouse Roku/Philips Roku Smart TVs (Not for Roku Stick and Box)",9.97,,
B0D9WVWXR1,electronics,17,"Oura Ring 4 Sizing Kit - Size Before You Buy The Oura Ring 4 - Unique Sizing, Not Standard US Ring Sizes - Receive Credit for Purchase",10,4.5,3470
B0CQF6T2K1,electronics,18,"Roku TV Remote Control (Official Manufacturer Product) - Simple Setup, & Pre-Set App Shortcuts - Replacement Remote Compatible with RokuTV Models ONLY (Not Roku Players)",9.99,4.6,10536
B0C2Z4L3S6,electronics,19,"Zip Ties Assorted Sizes(4”+6”+8”+12”), 400 Pack, Black Cable Ties, UV Resistant Wire Ties by ANOSON",5.99,4.6,16927
B0C8RR4WN3,electronics,20,"Amazon Kindle Paperwhite Signature Edition 32GB (newest model) – 20% faster with auto-adjusting front light, wireless charging, and weeks of battery life – Metallic Black",164.99,4.7,10887
B0F7Z4QZTT,electronics,21,"Amazon Fire TV Stick 4K Plus (newest model) with AI-powered Fire TV Search, Wi-Fi 6, stream hundreds of thousands of movies and shows, free & live TV, find shows faster with Alexa+",49.99,4.7,108908
B08MTBCXWX,electronics,22,"6Ft Power Strip Surge Protector - Yintar Extension Cord with 6 AC Outlets and 3 USB Ports for for Home, Office, Dorm Essentials, 1680 Joules, ETL Listed, (Black)",9.98,4.7,29155
B0BQPNMXQV,electronics,23,"JBL Vibe Beam - True Wireless JBL Deep Bass Sound Earbuds, Bluetooth 5.2, Water & Dust Resistant, Hands-Free Call with VoiceAware, Up to 32 Hours of Battery Life (Black)",29.95,4.3,37741
B09DT48V16,electronics,24,TAGRY Bluetooth Headphones True Wireless Earbuds 60H Playback LED Power Display Earphones with Wireless Charging Case IPX5 Waterproof in-Ear Ear buds with Mic for TV Smart Phone Laptop Computer Sports,24.66,4.4,85701
B0FHLPS8ZF,electronics,25,"Beats Solo 4 - Wireless On-Ear Bluetooth Headphones, Up to 50-Hour Battery Life, Ultra-Lightweight Comfort, Powerful and Balanced Sound, Apple & Android Compatible - Amazon Exclusive Metallic Pink",109.95,4.6,25820
B0CNVCQZG1,electronics,26,"Amazon Kindle 16 GB (newest model) - Lightest and most compact Kindle, now with faster page turns, and higher contrast ratio, for an enhanced reading experience - Matcha",109.99,4.6,15734
B0DC91H3JK,electronics,27,"Amazon Echo Show 11 (newest model), Vibrant Full-HD 11"" display with more viewing area and spatial audio, Designed for Alexa+, Graphite",169.99,4.4,4344
B0CRTYZG5C,electronics,28,"Soundcore P30i by Anker Noise Cancelling Earbuds, Strong and Smart Noise Cancelling, Powerful Bass, 45H Playtime, 2-in-1 Case and Phone Stand, IP54, Wireless Earbuds, Bluetooth 5.4 (Black)",24.99,4.4,32396
B01MTB55WH,electronics,29,"Anker Soundcore 2 Portable Bluetooth Speaker with Stereo Sound, Bluetooth 5, Bassup, IPX7 Waterproof, 24-Hour Playtime, Wireless, Speaker for Home, Outdoors, Travel",29.99,4.6,150249
B0D2HKCMBP,electronics,30,"SHOKZ New OpenRun Pro 2- Bone Conduction Headphones, Open-Ear Bluetooth Wireless Sport Earphones for Running, Workouts - Sweat Resistant, Secure Comfortable Fit -Deep Bass, Smart Mic, Reflective Strip",139.95,4.5,9585
B0BP9SNVH9,electronics,31,"Amazon Fire TV Stick 4K Max streaming device, with AI-powered Fire TV Search, supports Wi-Fi 6E, free & live TV without cable or satellite, find shows faster with Alexa+",59.99,4.6,76936
B0C3HCD34R,electronics,32,"Soundcore by Anker Q20i Hybrid Active Noise Cancelling Headphones, Wireless Over-Ear Bluetooth, 40H Long ANC Playtime, Hi-Res Audio, Big Bass, Customize via an App, Transparency Mode (Black)",44.99,4.6,62655
B07FW3GTXB,electronics,33,Alex Tech 10ft - 1/2 inch Cord Protector Wire Loom Tubing Cable Sleeve Split Sleeving For USB Cable Power Cord Audio Video Cable – Protect Cat From Chewing - Black,8.99,4.7,82679
B09FT58QQP,electronics,34,"TOZO A1 Wireless Earbuds Bluetooth 5.3 Light Weight in Ear IPX5 Waterproof Headphones 2 Mic for AI Calls, Immersive Premium Sound Bass Headset with Charging Case, 32 Presets EQ Customization via App",13.98,4.3,113380
B0DGQVYW2K,electronics,35,"Blink Video Doorbell – Head-to-toe HD view, two-year battery life, and simple setup. Required Sync Module not included – Add-On (Black)",29.99,4.4,10991
B0C8PR4W22,electronics,36,"Beats Studio Pro Premium Wireless Over-Ear Headphones- Up to 40-Hour Battery Life, Active Noise Cancelling, Great for Travel & Commuting, USB-C Lossless Audio, Apple & Android Compatible -Black",169.95,4.5,27516
B09SG2Q23M,electronics,37,"Anker Power Strip with 2100J Surge Protector, Outlet Extender, 5ft Extension Cord with Multiple Outlets, 12 AC, 2 USB A,1 USB C Port for 20W, Home Office, Dorm Room Essentials, TUV Listed",23.99,4.8,18723
B00SFSU53G,electronics,38,"Mounting Dream TV Wall Mount for 32-65 Inch Television,Mount with Swivel and Tilt, Full Motion Bracket with Articulating Dual Arms, Fits 16inch Studs, Max VESA 400X400 mm, 99lbs, MD2380",38.98,4.8,74533
B0FHWKYT89,electronics,39,"Wireless Earbuds, Bluetooth 5.4 Headphones Bass Stereo, Ear Buds with Noise Cancelling Mic, LED Display in Ear Earphones Clear Calls, IP7 Waterproof Bluetooth Earbuds for Phones/Sports/Laptop, White",21.98,4.5,56522
B0C6W3D4RM,electronics,40,"Amazon Fire TV Stick 4K Select (newest model), start streaming in 4K, AI-powered search, and free & live TV, find shows faster with Alexa+",39.99,4.2,9032
B092J8LPWR,electronics,41,"Surge Protector Power Strip - HANYCONY 8 Outlets 4 USB (2 USB C) Charging Ports, Multi Plug Outlet Extender, 5Ft Braided Extension Cord, Flat Plug Wall Mount Desk Charging Station for Home Office ETL",12.99,4.8,66395
B0CXGXT6W8,electronics,42,"JLab Go Air Pop+ True Wireless Earbuds, in Ear Headphones, Bluetooth Earphones, 35H Playtime Ear Buds, Bluetooth Earbuds with Microphone, USB-C Charging Case, Dual Connect, EQ3 Sound, Black",24.88,4.5,6102
B0DFWRY3KQ,electronics,43,"4 Pairs Replacement Ear Tips for AirPods Pro 2nd/1st Generation with Portable Storage Box & Cleaner Pen,Noise Reduction Holewith & Built-in dust Guard Screen,Silicone EarTips(White)",6.98,4.5,4732
B0GR6FHGXX,electronics,44,"Apple 2026 MacBook Neo 13-inch Laptop with A18 Pro chip: Built for AI and Apple Intelligence, Liquid Retina Display, 8GB Unified Memory, 256GB SSD Storage, 1080p FaceTime HD Camera; Indigo",589,4.7,333
B01KBEOL5E,electronics,45,"Amazon Basics Full Motion Articulating TV Wall Mount, with Swivel and Tilt, for 26"" to 55"" TVs and Flat Panels up to 80 Lbs, VESA Compatible, Single Stud, Black",17.94,4.6,57110
B0BLTYNJCK,electronics,46,"TESSAN Surge Protector Power Strip, 5 Ft Flat Plug Extension Cord with 3 USB (1 USB C) 8 Outlets, 1250W, 900J Protection, 3 Sided Outlet Extender with Power Switch for Office, Dorm Room, Grey",22.99,4.8,13561
B0D63657GY,electronics,47,"Life360 Tile - Bluetooth Tracker, Keys Finder and Item Locator for Keys, Bags and More. Phone Finder. Both iOS and Android Compatible. 1-Pack (Black)",19.99,4.4,13850
B0B1N7LJD3,electronics,48,"Blink Outdoor 4 – Wireless smart security camera, two-year battery life, two-way talk. Required Sync Module not included – Add-on camera",37.99,4.2,27129
B0CSXV3GK4,electronics,49,"Wireless Earbuds 75hrs Bluetooth 5.4 Headphone Sport, 2026 Bluetooth Earbuds Stereo Deep Bass Over Ear Bud with Earhooks, ENC Noise Cancelling Mic, IPX7 Waterproof Earphone for Gym/Running/Workout",25.99,4.3,27356
B09FLNSYDZ,electronics,50,"bmani Ear Buds Wireless Earbuds Bluetooth Headphones with 80H Playtime LED Display Case, Over-Ear Hook with Mic, Stereo Sound, Easy Button Controls, Sports Earphones for Running Workout Gym Black",24.67,4.4,53827
B06X6J5266,grocery,1,"CELSIUS Assorted Flavors Official Variety Pack, Functional Essential Energy Drinks, 12 Fl Oz (Pack of 12)",19.99,4.6,27217
B01N05APQY,grocery,2,"Nespresso Capsules Vertuo, Variety Pack, Medium and Dark Roast Coffee, 30 Count Coffee Pods, Brews 7.8 oz.",42,4.8,66904
B07MVM3Y4M,grocery,55,"Gatorade Zero Sugar Thirst Quencher Sports Drinks, Lemon-Lime, 20 Ounce Bottles (Pack of 8)",6.98,4.8,2123
B0BL7316GD,grocery,4,"Monster Energy Zero Ultra, Sugar Free Energy Drink, 16 Ounce | Pack of 15",27.48,4.7,34859
B008JGIZGS,grocery,5,"Premier Protein Shake, Chocolate, 30g Protein, No Added Sugar, 24 Vitamins & Minerals to Support Immune Health, 11 fl oz, 12 Pack",26.74,4.7,6991
B07MJL8NXR,grocery,6,"Premier Protein Shake, Chocolate, 30g Protein, No Added Sugar, 24 Vitamins & Minerals to Support Immune Health, 11.5 fl oz, 12 Pack",31.98,4.6,59223
B003P02EGU,grocery,7,"Sparkling Ice, Black Raspberry Sparkling Water, Zero Sugar Flavored Water, with Vitamins and Antioxidants, Low Calorie Beverage, 17 fl oz Bottles (Pack of 12)",12,4.7,27498
B01DDIRDZA,grocery,8,"Core Power Elite High Protein Shake, Chocolate, 42g Bottle, 14oz, 12 Pack",50.98,4.6,24384
B0849N8W1M,grocery,9,"DaVinci Gourmet Classic Blue Raspberry, 25.4 Fluid Ounces (Pack of 1)",7.99,4.4,29806
B0DFNM6NVQ,grocery,10,"Bloom Nutrition Sparkling Energy Drink - Variety Pack - Natural Caffeine, Zero Sugar, 180mg Caffeine - Antioxidant-Rich with Green Coffee Bean, Green Tea Extract, Prebiotics - 12oz 12 Pack",22.41,4.7,2814
B006H7YDU8,grocery,56,"Starbucks K-Cup Coffee Pods, Dark Roast Hot or Iced Coffee, French Roast, 96 Keurig Pods",63.97,4.7,23600
B000T9WLUY,grocery,12,"Diet Coke Soda Soft Drink Cans, 12 fl oz, 12 Pack",8.42,4.5,18447
B00ARABK20,grocery,13,"PUR Gum | Aspartame Free Chewing Gum | 100% Xylitol | Natural Spearmint Flavored Gum, 55 Pieces (Pack of 1)",4.49,4.5,29365
B0936GLRVN,grocery,57,"Starbucks Ground Coffee, Dark Roast Coffee, Italian Roast, 100% Arabica, 1 bag (18 oz)",9.63,4.6,2898
B002U58PRI,grocery,15,"Propel, Kiwi Strawberry, Zero Calorie Sports Drinking Water with Electrolytes and Vitamins C&E, 16.9 Fl Oz (12 Count)",9.97,4.7,22241
B0BWSKYV63,grocery,58,"Welch's Fruit Snacks, Mixed Fruit, Bulk Pack, Individual Single Serve Bags, 0.8 oz (Pack of 40)",7.78,4.8,21010
B076H6F974,grocery,17,"Frito-Lay Fun Times Mix Variety Pack, 2.37 Pounds, (Pack of 40)",22.43,4.6,34579
B005HG9ESG,grocery,18,"Essentia Ionized Alkaline Water, 9.5 Ph Until Opened, 99.9% Pure, Bottled Water, 12Pk",19.95,4.8,72858
B07LD2NV9X,grocery,19,"Core Power Protein Shake, Chocolate, 26g Bottle, 14oz, 12 Pack",45.59,4.7,24713
B0BL756S36,grocery,20,"Monster Rehab Tea + Lemonade + Energy, Energy Drink 15.5 Ounce | Energy Iced Tea, Pack of 15",29.98,4.7,1671
B01GQ5GQEG,grocery,21,"Goldfish Crackers Big Smiles Variety Pack with Cheddar, Colors, and Pretzels, Snack Packs, 30 Ct",12.86,4.8,64901
B01E6WOVX4,grocery,22,"Hint Infused Bottled, Best Sellers Variety Pack - Sugar Free Flavored with Zero Calories, Natural Essences, and No Artificial Sweeteners - 16 Fl Oz (Pack of 12)",13.46,4.3,33331
B07NYQ6ML7,grocery,23,"Amazon Brand - Happy Belly Dark Roast Coffee Pods, Compatible with Keurig 2.0 K-Cup Brewers, 100 Count",35.26,4.4,17742
B0CYDXTF5J,grocery,24,"Alani Nu PINK SLUSH, Sugar Free, Low Calorie Energy Drinks, 200mg Caffeine, Biotin, B Vitamins, Zero Sugar, 10 Calories, 12 Fl Oz Cans, 12 Pack",19.98,4.7,1347
B01N7QS7JU,grocery,25,"Lance Sandwich Crackers, Variety Pack, 3 Flavors, 20 Individually Wrapped Packs, 6 Sandwiches Each",6.87,4.6,14697
B0BZJVFFNM,grocery,26,"Nespresso Capsules Vertuo, Barista Flavored Pack, Medium Roast Coffee, 30 Count Coffee Pods, Brews 7.8oz.",42,4.7,8535
B0DF1L929C,grocery,27,"GHOST Energy Drink - 12-Pack, Welch's Grape, 16oz Cans - Energy & Focus & No Artificial Colors - 200mg of Natural Caffeine, L-Carnitine & Taurine - Gluten-Free & Vegan",29.99,4.6,13539
B09FXVQ8WN,grocery,28,C4 Performance Energy Drink | Strawberry Blast | Zero Sugar Carbonated Preworkout Energy | 200mg Caffeine with Beta Alanine | 16 Fl Oz (12 Pack),19.98,4.6,6549
B0D17X879B,grocery,29,"Pure Life Purified Water Bottles, 12 Pack - Still Bottled Water Enhanced with Minerals for a Crisp Taste, Plastic Bottles - 16.9 Fl oz",3.96,4.8,53569
B07P5TVX2R,grocery,60,"Sparkling Ice Caffeine Black Raspberry Sparkling Water with Caffeine, Zero Sugar, with Antioxidants and Vitamins,16 fl oz Cans (Pack Of 12)",13.68,4.7,15193
B008JA73RG,grocery,31,"V8 Energy Peach Mango Energy Drink, 8 fl oz Can (24 Pack)",17.96,4.7,17843
B001NI0MQ0,grocery,32,"Extra Gum Spearmint Sugarfree Gum Bulk, Individually Wrapped, Perfect for Long Lasting Fresh Breath at School, Work & Travel 15 Count, Pack of 10",12.28,4.8,18663
B004CQWWKY,grocery,33,"FIJI Artesian Bottled Water, 500 mL (16.9 fl oz), Pack of 24",21.98,4.7,77553
B00091S3K4,grocery,34,"Pure Life Purified Water Bottles, 24 Pack - Still Bottled Water Enhanced with Minerals for a Crisp Taste, Plastic Bottles - 8 Fl Oz",4.99,4.7,26700
B002RSRURY,grocery,35,"CELSIUS On-The-Go Powder Stick Packs, Zero Sugar (14 Sticks per Pack), Berry, 2.5 Ounce",11.34,4.7,6891
B009GDBNF8,grocery,61,"Starbucks K-Cup Coffee Pods, Medium Roast Hot or Iced Coffee, Pike Place Roast, 96 Keurig Pods ​",63.97,4.7,34184
B0CS12LZLS,grocery,62,"Nescaf√Â Gold Espresso Blonde, Instant Coffee, 3.5 Oz",9.97,4.8,6391
B0F1GCBNYQ,grocery,38,"Red Bull Peach Edition Energy Drink, White Peach, 12 fl. oz., 24 cans, with 114mg Caffeine, Taurine & B Vitamins",49.97,4.8,727
B07Y7H3FHB,grocery,39,"IQBAR Clean Plant Protein Bars - Chocolate Lovers Variety - 12 Count - Keto, Vegan, High Fiber, Gluten and Dairy Free, Low Sugar Snack - Brain and Body Nutrients for Focus, Energy, Meal Replacement",24.99,4.3,7974
B09C7QXQRG,grocery,40,"Waterloo Sparkling Water, Blackberry Lemonade Naturally Flavored, 12 Fl Oz Cans (Pack of 12) – Zero Calories and Zero Sugar or Sweeteners",6.66,4.4,2527
B0DBJ8W23Y,grocery,41,"Torani Coffee Syrup, Vanilla Flavored Syrup for Drinks, Pump Included, 25.4 Fl Oz",14.99,4.7,1504
B01BKBWCDU,grocery,64,"POWERADE Electrolyte Enhanced Zero Sugar Grape Sports Drink, 20 Ounce (Pack of 8)",6.48,4.7,3680
B0DPXW56FL,grocery,43,"Liquid Death Soda-Flavored Sparkling Water - Doctor Death (Cherry, Cream, Spice), Less Sugar*, Huge Flavor, No Caffeine, No Artificial Sweeteners, 12 Fl Oz (Pack of 12)",13.94,4.5,798
B01N2KFHRS,grocery,44,"Peet's Coffee, Dark Roast Keurig K-Cup Pods, 100% Arabica Coffee - Major Dickason's Blend 75 Count (1 Box of 75 Pods)",45.28,4.8,45150
B0178ENI4K,grocery,45,"ALOHA Organic Plant Based Protein Bars |Peanut Butter Chocolate Chip | 1.98 Oz (Pack of 12) | Vegan, Low Sugar, Gluten Free, Paleo, Low Carb, Non-GMO, Stevia Free, Soy Free, No Sugar Alcohols",22.88,4.5,8250
B002N3NRIO,grocery,46,"La Croix Sparkling Water, Pure, 12 Fl Oz (pack of 12)",6.63,4.7,3805
B003PFPFIE,grocery,51,"Red Bull Energy Drink with 80mg Caffeine plus Taurine & B Vitamins, 8.4 Fl Oz, Pack of 24 Cans",34.98,4.7,43080
B000SDKDM4,grocery,65,"Lavazza Super Crema Whole Bean Coffee, Medium Espresso Roast, Arabica and Robusta Blend, 2.2 lb Bag, Package May Vary (Pack of 1)",26.99,4.5,39612
B0CP9WPRYX,grocery,53,"Bai Flavors Variety Pack, Antioxidant Infused Water Beverage, with Vitamin C and No Artificial Sweeteners, 18 fl oz bottles, 12 pack | Antioxidant Infused, with Vitamin C",12,4.6,1794
B00451SGZ6,grocery,54,"Nestle Coffee mate Coffee Creamer, Original, Liquid Creamer Singles, Non Dairy, No Refrigeration, 0.375 fl oz Tubs (Pack of 180)",15.99,4.6,57141
B085V5PPP8,health,51,"Tide Laundry Detergent Liquid, Original Scent, 64 Loads, 80 FL OZ, Works on 100% of Common Stains, Laundry Soap, Liquid Laundry Detergent",12.97,4.8,69207
B095KCG1Q2,health,52,"Amazon Basics Adult Wet Wipes Flushable formulated without Fragrance, 126 Count (3 Packs of 42) Packaging May Vary",4.76,4.5,49705
B000VCFB0G,health,53,"Bounty Paper Napkins, White, 200 Count, Packaging may vary",3.48,4.8,39122
B0739KKHWL,health,54,"Nordic Naturals Ultimate Omega, Lemon Flavor - 90 Soft Gels - 1280 mg Omega-3 - High-Potency Omega-3 Fish Oil Supplement with EPA & DHA - Promotes Brain & Heart Health - Non-GMO - 45 Servings",33.3,4.7,58439
B009108SGS,health,55,"Duracell 2032 Lithium Battery, 4 Count (Pack of 1), Child Safety Features, Compatible with Key Fob, Tea Light Candles and Other Devices, CR2032 Battery",4.39,4.8,96195
B09F8FZ18G,health,56,"Crest 3D White Advanced, Teeth Whitening Toothpaste for Adults, 3.7 oz, 4 Pack, Cavity Protection Fluoride Toothpaste, Strengthens Enamel, Travel Size Toiletries",14.99,4.8,29000
B0CF3BDBL2,health,57,"Windex Glass and Window Cleaner Spray Bottle, Packaging Designed to Prevent Leakage and Breaking, Surface Cleaning Spray, Original Blue Scent, 23 Fl Oz",3.43,4.8,13349
B00TSTZQEY,health,58,"Majestic Pure Essential Oil with Glass Dropper - 100% Pure and Natural - Essential Oils for Diffuser, Aromatherapy, Soap and Candle Making, Lavender Essential Oil, Lavender Oil, 4 Fl Oz",9.99,4.5,38093
B07978VPPH,health,59,THORNE Creatine - Micronized Creatine Monohydrate Powder - Support for Muscles & Cognitive Function* - for Women & Men - Unflavored - NSF Certified for Sport - 5 g per Serving - 90 Servings,44,4.7,16257
B00K6JUG4K,health,60,"Vital Proteins Collagen Peptides Powder Advanced with Hyaluronic Acid & Vitamin C, 20oz Collagen Protein, Unflavored, 27 Servings",42.99,4.5,213843
B093CKHPKK,health,61,"Scott 1000 Trusted Clean Toilet Paper, 32 Rolls, Septic-Safe, 1-Ply Toilet Tissue",32.99,4.7,67711
B09M6JWHV5,health,62,"Kleenex Ultra Soft Facial Tissues, 3 Flat Boxes, 120 Tissues per Box, 3-Ply (360 Total), Packaging May Vary",5.99,4.8,115183
B00QIT9NDW,health,63,"Lysol All Purpose Cleaner Spray, Multi-Purpose Disinfecting Spray, Kitchen & Bathroom Cleaner, Lemon Breeze Scent, 32 Fl Oz",4.27,4.8,34420
B01HI7WP0U,health,64,"Tylenol Extra Strength Acetaminophen Rapid Release Gels, Fast, Strong Pain Relief, Fever Reducer, 500 mg Gelcaps with Laser‑Drilled Holes for Fast Release, OTC Medicine, 100 Count",12.47,4.8,87216
B00GB85JR4,health,65,"NatureWise Vitamin D3 5000iu (125 mcg) 1 Year Supply for Immune Support, Healthy Muscle Function, and Bone Health - Non-GMO, Gluten Free in Organic Extra Virgin Olive Oil, (Mini Softgel), 360 Count",14.99,4.7,192650
B00W5D1MDE,health,66,"Clorox Toilet Bowl Cleaner Clinging Bleach Gel, Kills 99.9% of Bacteria and Viruses, Ocean Mist, 24 Fl Oz, Pack of 2",5.24,4.8,41096
B093WMWKBP,health,67,"Amazon Basics Reclosable Gallon Food Storage Bags with Double Zipper Seal, Stand and Fill Base, BPA Free, 120 Count",9.92,4.6,25465
B099BWGZBP,health,68,"Dixie Ultra, Large Paper Plates, 10 Inch, 172 Count (4 packs of 43 plates), 3X Stronger*, Heavy Duty, Microwave-Safe, Soak-Proof, Cut Resistant, Disposable Plates For Heavy, Messy Meals",23.08,4.8,37112
B095562DZX,health,69,"Depend Fresh Protection Adult Diapers, Incontinence Underwear for Men, Disposable, Maximum, Large, Grey, 72 Count (2 Packs of 36), Packaging May Vary",52.96,4.5,31087
B07DX89ZHN,health,70,Sports Research® Omega-3 Fish Oil 1250 - Triple Strength Fish Oil Supplement from Wild Alaska Pollock - MSC Certified Sustainable · Non-GMO · Soy Free - 90 Softgel Capsules,27.95,4.7,59289
B07CDN39DP,health,71,"LUMIFY Eye Drops for Red Eyes, Redness Reliever for Brighter Looking Eyes, Works in 1 Minute & Lasts Up to 8 Hours, Eye Drops, 0.08 Fl Oz (2.5 mL)",11.93,4.6,41043
B00IRKRK9O,health,72,"TheraBreath Fresh Breath Mouthwash, Icy Mint Flavor, Alcohol-Free, 16 Fl Oz (Pack of 2)",13.98,4.8,52498
B09YKRZR22,health,73,"Puffs Plus Lotion Facial Tissues, 8 Family Boxes, 124 Facial Tissues per Box, Allergies and Colds",12.74,4.8,34788
B074F145Y1,health,74,"Amazon Basic Care All Day Allergy, Cetirizine Hydrochloride Tablets, 10 mg, 24-Hour Relief for Allergy, 300 Count (Packaging may vary)",9.76,4.7,69749
B07255MPRN,health,75,Sports Research® Vitamin D3 + K2 w/ Coconut Oil - Vegan Vitamin D 5000iu & Mk7 Vitamin K 100mcg for Bone & Immune Support - Vegan Certified · Non-GMO · Soy Free - 60 Softgels,23.95,4.7,52345
B07T9MBNTT,health,76,"Glad Tall Kitchen Drawstring Trash Bags - Odorshield 13 Gallon White Trash Bag, Febreze Fresh Clean, 110 Count",19.97,4.7,61721
B01N6BP63M,health,77,"Lysol Laundry Sanitizer Additive, Bacteria-Causing Laundry Odor Eliminator, Detergent Additive, Crisp Linen, 90oz",12.97,4.8,111606
B08FGZSW8L,health,78,"WEEM Hair Skin and Nails Gummies - Supports Healthy Hair - Vegan biotin Vitamins for Women & Men Supports Faster Hair Growth, Stronger Nails, Healthy Skin, Extra Strength (1)",34.45,4.4,26199
B0FZC2FVKW,health,79,"Resilia Softgels with Black Seed Oil 6000mg – Organic Oregano Oil Capsules for Immune & Digestive Support – Non-GMO, Gluten-Free Softgels – Natural Herbal Wellness Supplement (60 Count)",24.99,4.3,6830
B085V5ZMV9,health,80,"Tide Free & Gentle Liquid Laundry Detergent, 64 Loads, 84 fl oz, Tide Laundry Detergent, Clean Laundry Detergent",12.97,4.8,32788
B074F297T8,health,81,"Basic Care Ibuprofen Tablets, 500 Count",9.59,4.8,94787
B082F1QH7S,health,82,"Colgate Optic White Advanced Hydrogen Peroxide Toothpaste, Teeth Whitening Toothpaste Pack, Enamel-Safe Formula, Helps Remove Tea, Coffee, and Wine Stains, Sparkling White, 3 Pack, 3.2 oz",11.46,4.7,49272
B0CWS5QP8F,health,83,MARYRUTH'S Liquid Multivitamin+Hair Growth | Biotin 10000mcg | Lustriva Hair Growth Supplement | Clinically Tested in Women for Thicker Hair&Facial Wrinkle | Skin Care | Ages 18+ | 15.22 Fl Oz,28.43,4.5,18149
B0FX5KH3FZ,health,84,"Mr. Clean Magic Eraser Shower & Tub Scrubber, Bathroom Cleaner, All in One Bathroom Cleaner, Lemon Starter Kit, 1 Scrubber & 2 Foaming Magic Erasers",12.94,4.2,1911
B0FSGHP1FC,health,85,"RYZE SUPERFOODS Mushroom Medium Roast Coffee USDA Organic with 6 Adaptogenic Mushrooms, USA Grown Instant Coffee for Better Energy, Focus Digestion Immunity with Lions Mane & Turkey Tail 30 Servings",44.99,4.4,4445
B0791Y2LMB,health,86,"Ensure Max Protein Shake | Milk Chocolate | Ready to Drink | 30g Protein for Muscle Health | 1g Sugar, 4g Fiber | 11 fl oz, 12 Pack",27.97,4.6,19756
B07RRRV5CT,health,87,"Quest Nutrition Nacho Cheese Tortilla Style Protein Chips, 18g Protein, 4g Net Carb, Low Carb, Gluten Free, 1.1 oz (Pack of 12)",28.44,4.5,24567
B085YL4HR7,health,88,"Plackers® Micro Line® Floss Picks - Intense Mint, Floss Fiber Made Without PTFE, 300 Count",6.88,4.7,81518
B00Y8MP4G6,health,89,"Garden of Life Once Daily Dr. Formulated Probiotics for Women 50 Billion CFU 16 Probiotic Strains with Organic Prebiotics for Digestive, Vaginal & Immune Health, Dairy Free, Shelf Stable 30 Capsules",26.05,4.6,59666
B0B1DF9NVJ,health,90,"Duracell Coppertop AA Alkaline Batteries withPOWER BOOST Ingredients, 28 Count (Pack of 1), Long-Lasting Alkaline in Re-closable Pack for Quick Access and Organized Storage",24.61,4.8,38669
B00KXUW72G,health,91,"Always Discreet Adult Diapers for Women, Incontinence Underwear, Postpartum Essentials, Disposable Briefs, Max Absorbency, Bladder Leak Protection, Small/Medium, 32ct",19.49,4.5,59180
B0DF9BGP8S,health,92,"Viva Signature Cloth Paper Towels, Choose-A-Sheet Size, 3 Double Rolls, 86 Sheets per Roll (Packaging May Vary)",6.99,4.8,10152
B01BUNHFAS,health,93,"OxiClean Odor Blasters Versatile Odor and Laundry Stain Remover Powder, 5 lb",11.78,4.8,46188
B005PLQIQ4,health,94,"Crest + Scope Whitening Toothpaste - Pack of 3, 5.4 Oz Tubes - Anticavity Fluoride Toothpaste, Fresh Breath, Kills Germs - Tartar Protection, Enamel Protection - Minty Fresh Flavor",9.99,4.8,51402
B0BSNXFDML,health,95,"ARM & HAMMER Plus OxiClean Odor Blasters Fresh Burst, 128 Loads Liquid Laundry Detergent, 166.5 Fl oz",13.98,4.7,36152
B004U3Y8OM,health,96,"Nature Made Vitamin D3 1000 IU (25 mcg), Vitamin D Supplement for Bone, Teeth, Muscle and Immune Health Support, 300 Softgels, 300 Day Supply",9.98,4.8,56112
B099J2SWXV,health,97,"Dymatize ISO100 Whey Protein Powder Isolate, Gourmet Vanilla, 25g of Protein, 5.5g BCAAs, Less Than 120 Cal., Gluten Free, 1g Fat, 1g Sugar, 2g Carb (20 Servings)",33.43,4.6,19764
B08GF7YGCD,health,98,"Earth Breeze Laundry Detergent Sheets Fresh Scent - 60 Loads Eco Liquidless Soap - Travel-Friendly for Hot & Cold Cycles, Tackles Tough Stains & Odors - Gentle on Skin, 30 Ct",13.98,4.4,100751
B01NCJSM2T,health,99,"Cascade Complete Dishwasher Pods - Fresh Scent ActionPacs, Dishwasher Detergent, Dishwasher Soap, Detergent Pods, 78 Count",19.94,4.8,102350
B0CTD36YKK,health,100,"Kleenex Ultra Soft Facial Tissues, 8 Cube Boxes, 80 Tissues per Box, 3-Ply, Packaging May Vary",17.98,4.8,16361
B09V7Z4TJG,beauty,1,"medicube Toner Pads Zero Pore Pad 2.0 | Dual-Textured Facial Pad for Exfoliation and Pore Care with 4.5% AHA Lactic Acid, 0.45% BHA Salicylic Acid | Ideal for All, Korean Skin Care, 70 Pads (1 Pack)",14.9,4.6,23489
B0B2RM68G2,beauty,2,"BIODANCE Bio-Collagen Real Deep Mask, Hydrating Overnight Hydrogel Face Mask, Pore Minimizing, Elasticity, Plumping, Travel Essentials & Self Care Gifts for Women, Korean Skin Care | 1.19oz(34g) x 4ea",15.2,4.5,42843
B08KT2Z93D,beauty,3,"eos Shea Better Body Lotion Vanilla Cashmere, 24-Hour Moisture Skin Care, Lightweight & Non-Greasy, Natural Shea, Vegan, Vanilla Body Lotion, 16 fl oz",9.97,4.7,72110
B09541P9WH,beauty,4,"Amazon Basics Double-Tipped Cotton Swabs for Personal Hygiene and Baby Care, Cotton, Versatile, Baby Safe, 500 Count",2.37,4.7,74476
B074PVTPBW,beauty,5,"Mighty Patch Original Patch from Hero Cosmetics - #1 Hydrocolloid Acne Pimple Patches for Face, Shrinking Zits & Whiteheads in 1 Use, Nighttime Spot Pimple Stickers for Face, 36 Count",12.99,4.6,183462
B005IHT94S,beauty,6,"Neutrogena Ultra Sheer Dry-Touch Sunscreen Lotion SPF 70, Broad Spectrum, Water Resistant 80 Min, Oil-Free, Oxybenzone-Free, Non-Comedogenic, Matte Finish, Body Sunscreen, Travel Size 3 Fl Oz",4.89,4.6,37522
B00U2VQZDS,beauty,7,"Neutrogena Makeup Remover Wipes Micellar Alcohol-Free Face Towelettes Remove Waterproof Mascara & Oil, Compostable 100% Plant-Based Cloth, Dermatologist & Ophthalmologist Tested, Twin Pack 2 x 25 ct",9.97,4.8,118897
B0BRMYHMS5,beauty,8,"medicube Wrapping Mask Collagen Overnight Peel Off Facial Mask | Elasticity & Hydration Care, Reduces Sagging & Dullness | Hydrolyzed Collagen For Glowing Skin | Korean Skin Care, 2.53 fl.oz",14.9,4.5,19591
B08H3JPH74,beauty,9,"Maybelline Lash Sensational Sky High Washable Mascara Makeup, Volumizing, Lengthening, Defining, Curling, Multiplying, Buildable Formula, Blackest Black, 1 Count",10.82,4.5,182020
B0DGPSZVW3,beauty,10,medicube Collagen Jelly Cream- Niacinamide & Freeze-Dried Hydrolyzed Collagen - Boosts skin's barrier hydration and gives 24h Glow & Lifted Look - Korean skincare (1.69 Fl Oz (Pack of 1)),14.9,4.4,25787
B07PBXXNCY,beauty,11,"Clean Skin Club Clean Towels XL®, 100% USDA Biobased Face Towel, Disposable Face Towelette, Eczema Association Accepted, Makeup Remover Dry Wipes, Ultra Soft, 1 Pack, 50 Ct",17.95,4.8,43316
B09HHDHXWX,beauty,12,"Amazon Basics Gentle & Mild Clear Liquid Hand Soap Refill, Triclosan-Free, Dermatologist-Tested, pH Balanced, Cruelty-Free, 50 Fluid Ounces, 1-Pack (Previously Solimo)",3.86,4.6,53431
B071914GGL,beauty,13,"The Ordinary Glycolic Acid 7% Exfoliating Toner, Brightening and Smoothing Daily Toner for More Even-Looking Skin Tone",13.5,4.7,49925
B0DPHQRLJC,beauty,14,"eos Body Wash, Vanilla, Moisturizing Creamy Gel Formula with Shea Butter, Glycerin, Vitamin E, pH Balanced, Sensitive Skin, Vegan, 16 fl oz",9.98,4.8,17265
B014E2D6BY,beauty,15,"grace & stella Award Winning Under Eye Mask - Birthday Gifts for Women - Gel Eye Patches for Dark Circles, Puffy Eyes, Undereye Bags - Mothers Day Gifts for Mom - Vegan Self Care (24 Pairs, Gold)",19.95,4.4,46270
B081KL2QYJ,beauty,16,"PanOxyl 10% Benzoyl Peroxide Acne Foaming Wash, Maximum Strength, Daily Acne-Fighting Face and Body Cleanser, Face Wash to Clear, Treat and Prevent Acne Pimples and Stubborn Breakouts, 5.5 Oz Tube",10.67,4.6,80412
B07MFMWFYL,beauty,17,"MRS. MEYER'S CLEAN DAY Hand Soap Refill, Rain Water Scent, 33 Fl Oz Bottle",8.77,4.7,87526
B00T0C9XRK,beauty,18,essence | Lash Princess False Lash Effect Mascara | Volumizing & Lengthening | Cruelty Free & Paraben Free,4.97,4.3,412710
B0BJYCRS51,beauty,19,"Body Restore Shower Steamers Aromatherapy 6 Pack – Mothers Day Gifts for Mom, Birthday Gifts for Women, Relaxation Stress Relief Self Care – Bloom",16.99,4.4,55896
B00AINMFAC,beauty,20,"Nizoral Anti-Dandruff Shampoo with 1% Ketoconazole, Fresh Scent, 7 Fl Oz",15.88,4.6,109933
B09542G9ZN,beauty,21,"Amazon Basics Hypoallergenic Cotton Rounds for Makeup Removal and Skincare, 100 Count, 1 Pack",3.21,4.7,35641
B0107QPFBU,beauty,22,"Aquaphor Healing Ointment Advanced Therapy Skin Protectant, Dry Skin Body Moisturizer, 7 Oz Tube",12.79,4.8,138943
B002MSN3QQ,beauty,23,"EltaMD UV Clear Face Sunscreen SPF, Oil-Free Sunscreen with Zinc Oxide, Dermatologist Recommended",38,4.6,47539
B0D8W1YVBX,beauty,24,"EQQUALBERRY Vitamin Illuminating Serum | Niacinamide 4% + Brightening Vitamin C Face Serum with Hyaluronic Acid & Vitamin E | Dark Spot, Uneven Tone Care | Korean Skincare, 1.01 fl.oz",14.99,4.3,11601
B01H1V7WQU,beauty,25,LAURA GELLER NEW YORK Award-Winning Baked Balance-n-Brighten Color Correcting Powder Foundation - Light - Buildable Light to Medium Coverage - Demi-Matte Natural Finish,19,4.2,67481
B01N9SPQHQ,beauty,26,"La Roche-Posay Toleriane Double Repair Face Moisturizer, Daily Moisturizer Face Cream with Ceramide & Niacinamide for All Skin Types, Immediate Comfort & Long Lasting Hydration, Fragrance Free",24.99,4.6,49038
B0BX2TZZWG,beauty,27,"Tree Hut Vanilla Shea Sugar Scrub, Mothers Day Gifts, Exfoliating & Hydrating Body Scrub with Shea Butter & Essential Oils, Smooth Skin, For All Skin Types, Vegan, 18 oz",8.94,4.8,162977
B01MYEZPC8,beauty,28,"The Ordinary Hyaluronic Acid 2% + B5 (with Ceramides), Multi-Depth Hydration Serum for Plumper, Smoother Skin",9.9,4.7,35348
B000H3I2JG,beauty,29,"Revlon ColorStay Pencil Waterproof Eyeliner, Smudge-Proof, Eye Makeup with Built-In Sharpener, 202 Black Brown, 0.01 oz",7.48,4.5,49869
B0DYTQ5GYQ,beauty,30,"medicube Facial Cleanser Zero Pore Capsule Cleansing Foam | Daily Gentle Cleanser for Skin Texture, Blackhead & Pore Care | AHA, BHA & PHA for Deep Cleansing | Korean Skincare, 4.23 oz",12.9,4.6,2160
B08BW46XXK,beauty,31,"Vanicream Daily Facial Moisturizer With Ceramides and Hyaluronic Acid - Formulated Without Common Irritants for Those with Sensitive Skin, 3 fl oz (Pack of 1)",13.97,4.6,23781
B01MDTVZTZ,beauty,32,"The Ordinary Niacinamide 10% + Zinc 1%, Smoothing Serum for Blemish-Prone Skin",6,4.7,55229
B0DBF65JYY,beauty,33,"medicube PDRN Pink Peptide Serum with Salmon DNA | Pink Glow Serum with Peptides & Niacinamide for Hydration & Firm-Looking Skin | Uneven Tone Care | Korean Skincare, 1.01 fl. Oz",18.9,4.6,13976
B00949CTQQ,beauty,34,"Paula's Choice SKIN PERFECTING 2% BHA Liquid Exfoliant with Salicylic Acid, Facial Polish for Pores, Wrinkles & Fine Lines, Suitable for Blackhead-Prone Skin, Fragrance-Free",27.75,4.5,114232
B07GKVBQDG,beauty,35,"Neutrogena Makeup Remover Wipes, Daily Single Face Cleansing Towelettes, Makeup Removing Cleansing Wipes Removes Dirt & Oil, Alcohol-Free Face Towelettes, 20 ct",7.47,4.8,72801
B00MEDOY2G,beauty,36,Dove Body Wash Deep Moisture for 24hr Lotion-Soft Skin Moisture Moisturizing Skin Cleanser with No Sulfates No Parabens 30.6 oz,10.97,4.8,83514
B01LW1983J,beauty,37,"Julep Eyeshadow 101 Cream-to-Powder Waterproof Shadow Stick – Champagne Shimmer – Long-Lasting, Crease-Proof, Medium Golden-Beige Shimmer Cream Eyeshadow with Built-in Smudger",10.59,4.3,57556
B077RTL1HJ,beauty,38,"Illiyoon Ceramide Ato Concentrate Cream | Moisturizer for Dry & Sensitive Skin, 100hr Lasting Hydration, For Face & Body, Gentle for Infants, Moisture Barrier Repair, Vegan Certified, 6.76 fl.oz.",19.99,4.7,5992
B0CNCL35CH,beauty,39,"Dr.Melaxin Calcium Multi Balm Stick, Collagen & Elastin Wrinkle Stick, All-in-One Hydrating Balm, Eye & Neck Balm, Makeup Base & Face Moisture Balm, Korean Skincare, 0.31 oz",19,4.1,5005
B07PBQZ3KF,beauty,40,"e.l.f. Instant Lift Brow Pencil, Dual-Sided, Precise, Fine Tip, Shapes, Defines, Fills Brows, Contours, Combs, Tames, Blonde, 0.006 Oz",4,4.5,73060
B08WYXNVQ7,beauty,41,"Salt & Stone Aluminum Free Deodorant | Extra Strength 48 Hour Protection for Women & Men | Made with Seaweed Extracts, Niacinamide & Prebiotics | Santal & Vetiver",20,4.1,15752
B0BT1WL6KY,beauty,42,"Method Body Wash, Simply Nourish, Paraben and Phthalate Free, 28 oz (Pack of 1)",12.47,4.7,18316
B07QZ5CTTF,beauty,43,"Nutrafol Women's Balance Hair Growth Supplements, Ages 45 and Up, Clinically Tested for Visibly Thicker Hair and Scalp Coverage, Dermatologist Recommended - 1 Month Supply",88,4.2,15720
B07RK4HST7,beauty,44,"CeraVe Daily Moisturizing Lotion for Dry Skin, Body Lotion & Face Moisturizer with Hyaluronic Acid and Ceramides, Daily Moisturizer, Fragrance Free, Oil-Free, 19 Ounce",20.15,4.7,146449
B0FKGJYFC8,beauty,45,"Dr.Althea 345 Relief Cream | Daily Face Moisturizer for Soothing Recovery and Blemish Care with PDRN & Niacinamide | Korean Vegan Skincare for All Skin Types, 1.69 Fl Oz (Ver.2 - Pack of 1)",22.95,4.6,16308
B0D2Z3GGCY,beauty,46,"medicube Capsule Cream with Deep Vitamin C | Liposome Vitamin C Golden Capsule for Radiance & Firm-Looking Skin | Hydrating Glow Gel Texture | Korean Skincare, 1.94 oz",19.9,4.6,12073
B09W18N3GT,beauty,47,Sol de Janeiro Hair & Body Perfume Mist,26,4.7,51572
B01N34XW93,beauty,48,"La Roche-Posay Toleriane Purifying Foaming Facial Cleanser, Oil Free Face Wash for Women & Men with Niacinamide + Ceramides, Pore Cleanser Safe For Sensitive Skin, Won’t Dry Out Skin, Soap Free",19.99,4.7,48648
B0BBSP2JNQ,beauty,49,"Anti-Aging Face Moisturizer with Retinol, Collagen & Hyaluronic Acid - Made in USA - Moisturizer Face Cream for Women & Men - Firming & Hydrating Neck Cream - Day & Night Skin Care - 1.7 fl oz",,4.4,35042
B0BXTS6L35,beauty,50,"Amazon Basics Epsom Salt Soak, Unscented, Magnesium Sulfate USP, Muscle and Feet Relaxation, Resealable Bag, 3 Pound",3.23,4.8,15750
B0BDQLJMFV,toys,1,PartyWoo Black Balloons 140 pcs Different Sizes of 18 12 10 5 Inch Black Balloons Arch Kit Garland for Baby Shower Birthday Graduation Casino Gaming Anniversary Retirement Party Decorations Black-Y18,8.99,4.5,8341
B0BZCHMVTK,toys,2,"Bezente Assorted Rainbow Latex Balloons, 100 Pack 12 inch Round Helium Bright Color Balloons for Birthday Bridal Shower Wedding Party Decorations",6.99,4.6,12944
B0B1B14DRT,toys,3,"RUBFAC White Balloons 129pcs Different Sizes 18 12 10 5 Inch for Garland Arch, Latex Balloon for Engagement Wedding Anniversary Birthday Party Baby Shower Decoration",6.39,4.6,8797
B00E4AMFKK,toys,4,"Bicycle Standard Playing Cards, Standard Poker Size Deck of Cards, Red & Blue (2 Pack), Classic Cards for Poker, Blackjack, Family Game Night & Card Games, Fun for All Ages",5.34,4.8,38988
B0829FT44S,toys,5,"50+ Official Pokemon Cards Collection with 5 Foils in Any Combination and at Least 1 Rarity, GX, EX, FA, Tag Team, Or Secret Rare",9.65,4.2,11590
B00JM5GW10,toys,6,"Play Doh Modeling Compound 10-Pack Case of Assorted Colors, Non-Toxic 2 oz. Cans, Back to School Gifts, Prizes, & Party Favors, Preschool Toys for Kids, Ages 2+ (Amazon Exclusive)",7.99,4.7,68074
B0DG2VRFV7,toys,7,"30 Pack Squishy Toys, Kawaii Squishies Party Favors for Kids 4-8 8-12 Treasure Box Toys for Classroom Birthday Xmas Gifts Goodie Bag Mini Animals Mochi Squishy Stress Relief Sensory Toys Random",9.99,4.6,3115
B00ZRD99C0,toys,8,"Bright Starts Oball Easy Grasp Classic Ball BPA-Free Infant Toy in Red, Yellow, Green, Blue, Age Newborn and up, 4 Inches",4.74,4.9,80513
B0BJZRS4KR,toys,9,"40 Inch Beige Number 1 Balloon for 1st Birthday Decoration, Large Self Inflating Cream Foil Number Balloons 0-9 for Boys Girls, White Sand 1 Helium Balloons for Women Men Party Anniversary Supplies",5.99,4.3,5062
B09TK9JGRH,toys,10,Little Kids Bubbles by Fubbles | Made in The USA | 64oz Non Toxic Bubble Solution | Refill Solution for Bubble Machines and Bubble Toys,11.63,4.4,2503
B0DQNQ1ZVZ,toys,11,"Schylling NeeDoh Nice Cube -Sensory Squeeze Toy with Super Solid Squish - 2.25"" Cube",,4.3,6066
B0B21ZM7LJ,toys,12,"Infinno Baby Wrist Rattle Socks and Foot Finder Set, Perfect Baby Toys for 0-12 Months Newborn Boys and Girls As Shower Gifts, Garden Bug Series",9.99,4.8,8211
B0DWGVM7RY,toys,13,"USAOPOLY Flip 7, The Ultimate Blend of Press Your Luck & Strategy, Fast-Paced Addictive Card Game,Quick to Learn & Easy to Teach,Perfect for Game Nights, 3+ Players, Ages 8 & Up, 20 Minutes Play Time",7.97,4.9,3847
B0DZCJB7FD,toys,14,68Pcs Pink and Purple Balloons 12 Inch Metallic Purple Pink Latex Balloon Confetti ballons with Ribbons Party Balloons for Wedding Girls Birthday Baby Shower Decorations.,7.13,4.6,2268
B08SGH7NKX,toys,15,"SEREED Baby Balance Bike for 1 Year Old Boys Girls 12-24 Month Toddler Balance Bike, 4 Wheels Toddler First Bike, First Birthday Gifts",29.99,4.8,15351
B0CS3VC7X2,toys,16,"Cute Premium Thick Acrylic Puzzle Piece Gift for Mom – Adorable Mother’s Day, Christmas & Birthday Present – Engraved Keepsake from Son or Daughter – Freestanding 3D Decorative Home Display for Mom",,4.8,9201
B09L7MDNH6,toys,17,"100Pcs clear 260 Balloons Clear Long Skinny Latex Balloon for Animal Ballons, Premium Quality Balloons for Beginners Baloons Making Kid's Carnivals Party Decoartion",6.59,4.7,9106
B098PMWSVS,toys,18,"Animals Habitat 500+ Kids Sticker Book by Cupkin Toddler Airplane Travel Activity Coloring and Sticker Book, Road Trip Essentials, 12 Coloring Pages + 12 Scenes for Ages 2–8 Years",16.98,4.8,5744
B09PGVGCH5,toys,19,Horizon Group USA Bluey Aqua Art - Reusable Water Reveal Activity Pages With Water Pen for No-Mess Drawing and Coloring,4.79,4.7,12596
B0991GLP6L,toys,20,"PartyWoo Metallic Silver Balloons, 50 pcs 12 Inch Silver Metallic Balloons, Silver Balloons for Balloon Garland or Arch as Wedding Decorations, Birthday Decorations, Party Decorations, Silver-G102",6.99,4.5,11658
B07B6ZN7P8,toys,21,"LeapFrog Learning Friends 100 Words Book, Green",19.9,4.8,145929
B0BKTLNSLG,toys,22,"SLOOSH Inflatable Pool Floats Adult,2 Packs Floating Lounge Chairs,Blow up Pool Noodles for Adult Heavy Duty,Floating Chair for Party Summer Water Beach Lake Fun",29.99,4.2,4764
B07PQFT83F,toys,23,"Disney Store Official Buzz Lightyear Interactive Talking Action Figure from Toy Story, Features 10+ English Phrases, Interacts with Other Figures and Toys",39.95,4.7,48147
B09PHDGWTJ,toys,24,PartyWoo Light Pink Balloons 100 pcs Different Sizes of 36 18 12 10 5 Inch Pastel Baby Pale Pink Balloon Arch Kit Garland for Baby Shower Valentine's Day Princess Birthday Party Decorations Pink-Y48,9.99,4.5,10169
B0GVYBW2HH,toys,25,"Dumpling Squishies, Glitter Dumpling Mystery Box, Colorful Dumplings Stress Balls Fidget Sensory Toy, Stocking Stuffers with Food Steamer Stretchy Desk Toys (Blue)",16.99,4.6,45
B00N1QPNMA,toys,26,"PartySticks Glow Sticks Party Supplies 100pk - 8 Inch Glow in the Dark Light Up Sticks Party Favors, Glow Party Decorations, Neon Party Glow Necklaces and Glow Bracelets with Connectors",7.99,4.6,28750
B0GFZV1ZVV,toys,27,Pokémon TCG: Mega Evolution—Perfect Order Elite Trainer Box,79.69,4.2,472
B0D7VD58VG,toys,28,PartyWoo Black Balloons 155 pcs Different Sizes of 18 12 10 5 Inch Black Balloons Arch Kit Garland for Baby Shower Birthday Graduation Casino Gaming Anniversary Race Car Party Decorations Black-Y18,7.28,4.4,6363
B0BZHHVYY9,toys,29,"110pcs Black Balloon 12 inch, Black Latex Balloons for Birthday Party Baby Shower Wedding(with 2 Ribbons).",6.99,4.6,3655
B01CYZHGC8,toys,30,50 Pokemon Cards Plus 1 Ultra Rare Legendary Pokemon Card | Bundle with LCC Deck Box,19.99,4.5,2400
B09GWCRSQV,toys,31,"Crayola Washable Kids Paint (6ct), School Supplies, Painting Set for Kids, Spring Crafts, Art Teacher Gifts for Toddlers, Ages 3+",5.99,4.7,18130
B01K1K0K6M,toys,32,"Step2 Rain Showers Splash Pond Water Table, Kids Water and Sand Activity Sensory Playset, Summer Outdoor Toys, 13 Piece Water Toy Accessories, For Toddlers 1.5+ Years Old, Blue & Green",84.99,4.7,23328
B0DRW6C2RF,toys,33,"LEGO Botanicals Happy Plants Building Toy for Kids, Girls, and Boys 9+ - Playroom Decor for Desk or Shelf - Birthday Gift Idea for Young Gardeners - Artificial Indoor Plant for Play & Display - 10349",18.39,4.9,3617
B008J1QP7Y,toys,34,"Bright Starts Oball Shaker Rattle Toy, Ages Newborn Plus",3.99,4.7,46467
B084SKWCBS,toys,35,"Sunny Days Entertainment Sidewalk Chalk Set for Kids with Storage, Washable, Jumbo Colored Chalk for Outdoor Play and Chalkboard Art - Ages 3+ (20 Pieces, Multicolor)",5.17,4.6,2046
B0B459CY9W,toys,36,"Original Bunch O Balloons Tropical Party 330+ Rapid-Filling Self-Sealing Water Balloons (Amazon Exclusive 10 count, pack of 1) by ZURU Water Balloon for the Whole Family, Kids, Teens and Adults",22.74,4.6,19316
B0DKK2QBRF,toys,37,"MAMAGIFTREE Mothers Day Birthday Gifts for Mom from Daughter Son, Handmade Crochet Pickle Plush “Big Dill” Gift for Mother in Law or Stepmom Mothers Day Keepsake, I Love You Mama Small Cute Decor",15.99,4.8,1634
B01DWIZTMK,toys,38,Creative Roots Create Your Own Handprint Stone by Horizon Group USA,9.99,4.6,23415
B0CRYJB6GK,toys,39,"Airbition Talking Flash Cards for Toddlers 1 2 3 4 Year Olds, Montessori Language Learning Toys with 224 Words, Pocket Speech Therapy Toys, and Speech Development Educational Playthings for Children",9.99,4.6,7516
B00006RVTS,toys,40,"Crayola Colored Pencils (36ct), Kids Pencil Set, Pre-Sharpened Coloring Book Pencils for Kids & Adults, Arts & Crafts Supplies, Coloring Gift, Ages 3+",6.57,4.8,49453
B0D9KWMJJY,toys,41,"Melissa & Doug Sticker Wow!™ 24-Page Activity Pad and Sticker Stamper, 300 Stickers, Arts and Crafts Fidget Toy Collectible Character – Disney Minnie Mouse - for Kids Ages 3+ - FSC Certified",9.49,4.6,604
B0D9KW8XH9,toys,42,"Melissa & Doug Sticker Wow!™ 24-Page Activity Pad and Sticker Stamper, 300 Stickers, Arts and Crafts Fidget Toy Collectible Character – Disney Mickey Mouse - for Kids Ages 3+ - FSC Certified",4.74,4.6,660
B083FM3R87,toys,43,"Aurora® Adorable Mini Flopsie™ Ginger Cat™ Stuffed Animal - Mini Companions Ready for Playful Adventures - for Kids All Ages, Toddlers, Adults, and Families - Orange 8 Inches",8.5,4.8,74769
B0926VN19H,toys,44,"DJUAN Wind Spinner Outdoor Metal Decorations,Silver Heart Wind Spinners for Yard and Garden,Stainless Steel Wind Chimes for Outside Decor,Birthday Gifts for Mom,Mother's Day,Aunt Gifts",25.99,4.5,2625
B0FRS84KT9,toys,45,"Lumiboard Led Drawing Board with 13 Light Effects, 16"" Rechargeable Glow Doodle LED Note Board with Colors, Neon Light Up Drawing Tablet Gifts for Kids for Easter Birthday Christmas Gift Ideas",31.99,4.5,519
B0DSVTXFNW,toys,46,"luckdoor Silicone Magnetic Balls Fidget Toys for Adults & Teens,4PCS Stress Relief Sensory Toys for Autism ADHD Anxiety,Fun Textures Gadgets,Office Desk Toy,Stocking Stuffers for Women Men Teen Gift",9.99,4.8,1413
B07NXDJ52C,toys,51,"Sassy Stacks of Circles Stacking Ring STEM Learning Toy, Age 6+ Months, Multi, 9 Piece Set",9.96,4.8,64747
B000J3Z7TC,toys,52,"Hoyle Waterproof Playing Cards, Clear Plastic Deck of Cards for Outdoor Card Games, Camping, Beach, Pool & Travel Games (1 Deck)",5.99,4.7,24363
B0BLVJV2YG,toys,53,"LEEZZIZZ 30Pcs Punch Balloons, Thickened Neon Punching Balloon Heavy Duty Party Favors for Kids with Rubber Band Handle, Bouncy Balls for Birthday Weddings Goodie Bag Stuffer Supply",8.88,4.6,3684
B0G2GS1PJT,toys,54,"4 Pack Squishy Fidget Toys Stress Cube Bulk, Squishies Slow Rising Stress Balls for Adults Kids, Sensory Fidget Toys for Anxiety Relief, Small Squishy Toys for Classroom Prizes Party Favors",,3.1,46
B00MW8G3YU,pet-supplies,1,"Amazon Basics Leak-Proof Dog and Puppy Potty Training Pee Pads with Quick-Dry 5-Layer Super Absorbent Surface for Dog Training, Floor Protection, Regular Size 22x22"", Blue & White, 50 Count",10.49,4.5,222162
B005OB3E30,pet-supplies,2,Purina Fancy Feast Gravy Lovers Poultry and Beef Grilled Gourmet Wet Cat Food Variety Pack - (Pack of 24) 3 oz. Cans,22.86,4.7,54476
B0009X29WK,pet-supplies,3,Dr. Elsey's Ultra UnScented Clumping Clay Cat Litter 40 lb. Bag,21.49,4.3,95002
B0747RSKTG,pet-supplies,4,"Fresh Step Extreme Multi Cat Clumping Litter with Febreze Freshness, Low Dust, Odor Control with Ammonia Block Tech, Compatible in Automatic Litter Boxes, 14 lb. Box",9.97,4.6,140141
B00BSYR7K8,pet-supplies,5,"Earth Rated Poop Bags for Dogs, Guaranteed Leak Proof and Extra Thick Waste Bag Refill Rolls, Lavender Scented, 270 Bags",14.99,4.8,245932
B07S2TDDCK,pet-supplies,6,"Greenies Pill Pockets for Dogs Large Size, Dog Treat Pouch for Capsule Medication, Peanut Butter Flavor, 15.8 oz. Pouch",17.96,4.8,33733
B07D323MFZ,pet-supplies,7,"INABA Churu Cat Treats, Lickable, Squeezable Creamy Purée Cat Treat with Green Tea Extract & Taurine, 0.5 Ounces Each Tube, 50 Tubes, Tuna & Chicken Variety",32.99,4.9,12987
B07C22NTL4,pet-supplies,8,"HONEY CARE All-Absorb A26 Male Dog Wrap, 50 Count, Small",14.38,4.6,49958
B072DTFZHL,pet-supplies,9,"Sheba Perfect Portions Wet Cat Food Cuts in Gravy, Cat Food Wet Recipe, Roasted Chicken Entree, with Sustainable Salmon, Tender Turkey Entree, 2.6 oz. Twin-Pack Trays (24 Count, 48 Servings)",23.38,4.7,20626
B001650NNW,pet-supplies,10,"Purina Pro Plan Veterinary Supplements FortiFlora Daily Probiotics for Dogs, Helps Digestive Gut Health and Diarrhea - 30 ct. Box",30.99,4.7,48341
B00NABTC8M,pet-supplies,11,"Amazon Basics Dog Poop Leak Proof Bags with Dispenser and Leash Clip, Unscented, 13"" x 9"" Large Size, 300 Count",10.57,4.8,238552
B08P2D95G8,pet-supplies,12,"Pur Luv Chicken Jerky Dog Treats, Made with 100% Real Chicken Breast, 16 Ounces, Healthy, Easily Digestible, Long-Lasting, High Protein, Satisfies Dog's Urge to Chew",13.99,4.6,12265
B003P9XG68,pet-supplies,13,"Blue Buffalo Health Bars Crunchy Dog Biscuits, Oven-Baked with Natural Ingredients, Pumpkin & Cinnamon, 16-oz Bag",4.98,4.7,9236
B07NHL31CC,pet-supplies,14,"Earth Rated Pet Wipes for Dogs and Cats, Hypoallergenic, 3-in-1 Cleaning, Deodorizing and Hydrating, for Grooming Paws, Body and Butt, Unscented, 100 Count",9.78,4.6,27063
B00CU2CMOI,pet-supplies,15,"Pedigree Dentastix Large Dog Treats, Original, Beef & Fresh, 2.73 lb. Variety Pack (51 Treats Total)",23.98,4.8,21883
B000I82DTU,pet-supplies,16,"Milk-Bone Original Dog Treats Biscuits for Medium Dogs, 10 Pound",14.98,4.8,80262
B09K8YYVWV,pet-supplies,17,"Blue Buffalo Life Protection Formula Adult Dry Dog Food, Helps Build and Maintain Strong Muscles, Made with Natural Ingredients, Chicken & Brown Rice Recipe, 5-lb. Bag",13.33,4.7,28974
B01LNB6SA0,pet-supplies,18,"Temptations Cat Treats Classic Crunchy and Soft Cat Treats, Tasty Chicken Flavor, 30 oz. Tub",15.48,4.8,71402
B089LLHMQL,pet-supplies,19,"ARM & HAMMER Clump & Seal SLIDE Platinum Multi-Cat Clumping Cat Litter, Easy Clean Technology with No Scrubbing, 14-Day Odor Control, 18 lbs",20.03,4.6,18648
B006HKA6II,pet-supplies,20,"Milk-Bone Soft & Chewy Dog Treats, Made with Real Beef & Filet Mignon, 25 Ounce Canister",14.47,4.7,34275
B001STX13U,pet-supplies,21,Purina Fancy Feast Grilled Wet Cat Food Seafood Collection in Wet Cat Food Variety Pack - (Pack of 24) 3 oz. Cans,22.86,4.7,46673
B0114BNXQ6,pet-supplies,22,"Milk-Bone Flavor Snacks Mini’s Dog Biscuits, Flavored Crunchy Dog Treats, 36 Oz. Canister",11.48,4.8,39150
B0BWBNT8JX,pet-supplies,23,"Vital Essentials Freeze Dried Dog Treats | Beef Liver, Single Ingredient | Premium Quality | Grain Free Training Treats for Dogs, 2.1 oz Bag",5.99,4.6,6906
B003ULL1NQ,pet-supplies,24,"Nutramax Cosequin for Dogs Joint Health Supplement, Contains Glucosamine for Dogs, Plus Chondroitin and MSM, Supports Healthy Joints, For All Breeds and Sizes, Chewable Tablets, 132 Count",34.91,4.7,78461
B076YLYVW8,pet-supplies,25,"Minties Dog Dental Bone Treats, Tiny/Small Dental Dog Treats, 16 Ounces, Cleans Teeth, Fight Bad Breath, Removes Plaque and Tartar, 40 Count",9.94,4.5,35830
B07BVL8TQF,pet-supplies,26,"Good ‘n’ Fun Triple Flavor Kabobs Chews for All Dogs, 24 Ounces, Treat Your Dog to Long-Lasting Chews Made from Beef Hide, Real Chicken, Pork Hide, Duck and Chicken Liver",15.98,4.7,58826
B0055INY1Y,pet-supplies,27,"Kaytee Nut & Fruit Wild Bird Seed, 5 lb",12.59,4.7,16428
B07GL8SLKY,pet-supplies,28,"ARM & HAMMER Clump & Seal SLIDE Platinum Multi-Cat Clumping Cat Litter, Easy Clean Technology with No Scrubbing, 14-Day Odor Control, 37 lbs",34.99,4.6,19636
B006W6YHYQ,pet-supplies,29,"Greenies Veterinarian-Recommended Adult Natural Dental Dog Treats Teenie Size, Dog Dental Chews, Original Flavor, 36 oz. Pack, 130 Count",36.97,4.8,70151
B007JXVR76,pet-supplies,30,"Meow Mix Original Choice Dry Cat Food, 6.3 Pound Bag",8.99,4.7,51357
B00WWP1U7I,pet-supplies,31,"PetArmor Plus Flea and Tick Prevention for Dogs, Small Dog Flea and Tick Treatment, 3 Doses, Waterproof Topical, Fast Acting (5-22 lbs)",26.12,4.2,60235
B003PMQMK2,pet-supplies,32,"Milk-Bone MaroSnacks Small Dog Treats with Real Bone Marrow, 40 Oz. Canister",,4.8,82466
B00B8CG602,pet-supplies,33,"Seresto Flea & Tick Collar For Dogs Over 18 lbs., Treatment & Prevention, Vet-Recommend, 8 Month Protection",58.98,4.5,112970
B00CKFL93K,pet-supplies,34,"Rocco & Roxie Supply Co. Stain & Strong Odor Eliminator, Enzyme Cleaner, Pet Odor Eliminator for Home - Carpet Stain Remover for Cats & Dog Pee - Urine Destroyer - Carpet Cleaner Spray Clear, 32 Fl Oz",23.92,4.4,125678
B009IOCCD2,pet-supplies,35,Purina ONE Dry Dog Food Lamb and Rice Formula - 31.1 lb. Bag,48.98,4.6,15411
B075QK5SP2,pet-supplies,36,"Sheba Perfect Portions Wet Cat Food Pate with Sustainable Salmon, Signature Seafood Entree, and Tender White Fish and Tuna Entree Variety Pack, 2.6 oz. Twin Pack Trays (24 Count, 48 Servings)",23.38,4.7,24667
B08XY91T66,pet-supplies,37,"Blue Buffalo Bits Soft Dog Treats for Training, Made with Natural Ingredients & Enhanced with DHA, Chicken Recipe, 19-oz Bag",14.98,4.7,15838
B0727R5C5Q,pet-supplies,38,"Purina Friskies Gravy Swirlers With Flavors of Chicken, Salmon and Gravy Dry Cat Food - 3.15 lb. Bag",4.72,4.7,36338
B09BBM5CX8,pet-supplies,39,"Best Pet Supplies Interactive Squeaky Dog Chew Toy, Ideal Dog Toys for Chewers, Small, Medium & Large Dogs, and Fetch Lovers - Crinkle Duck (Yellow), Large",6.79,4.3,49486
B01BKYFR7K,pet-supplies,40,"IAMS Proactive Health Dry Cat Food, Indoor Weight and Hairball Care Cat Food Dry Recipe, with Real Chicken in Every Bite, 7 lb. Bag",16.97,4.8,38681
B09NF8QLSY,pet-supplies,41,"Temptations Creamy Puree Squeezable Lickable Cat Treats, Wet Cat Treats with Chicken, Salmon, and Tuna Variety Pack, 0.42 oz. Tubes, 24 Count",9.49,4.7,7028
B0BGT84G2R,pet-supplies,42,"Delectables Squeeze Up Variety Pack, Creamy Squeezable Puree, Lickable Wet Cat Treats, Grain Free, No Fillers, by-Products, Preservatives, 0.5 Ounces Tube, 54 Tubes Total",31.82,4.8,22368
B0050JM626,pet-supplies,43,"Nutramax Proviable Probiotics for Dogs and Cats, Daily Digestive Health Supplement with Multiple Strains of Bacteria, Cat and Dog Probiotics Plus Prebiotics, 30 Capsules",19.97,4.6,18766
B00ZJ5BJ74,pet-supplies,44,"Vetnique Glandex Anal Gland Soft Chew Treats with Pumpkin for Dogs Digestive Enzymes, Probiotics Fiber Supplement for Dogs Boot The Scoot (Peanut Butter Chews, 60 Count)",31.99,4.4,37089
B0718YFR4K,pet-supplies,45,"DreamBone Twist Sticks Chews for Dogs, Treat Your Dog to Easy-to-Digest Rawhide-Free Chews Made with Real Vegetables and Chicken, 50 Count",9.89,4.6,32678
B08CCGNBVY,pet-supplies,46,"Best Pet Supplies Voyager Step-in Air Harness - All Weather Mesh, Reflective, No Pull Harness for Dogs, Cats - Secure with Hook & Loop Fastener, Buckle, Double D-Rings - Pink, S",9.46,4.6,68534
B01J5GE3MA,pet-supplies,47,PetSafe ScoopFree Premium Crystal Cat Litter - Outperforms Clay Litter - Refill Packs - Reusable Tray Compatible - Fresh Scent - 4.3 lb Bags - 2 Pack,24.99,4.4,58729
B001QCKS4O,pet-supplies,48,Purina Pro Plan Complete Essentials Shredded Blend Chicken and Rice Dog Food Dry Formula with Probiotics for Dogs - 35 lb. Bag,74.48,4.6,16585
B08N6VLJKV,pet-supplies,49,"Muddy Mat® | Super Absorbent Door Mat Indoor, Microfiber Quick Dry Chenille Entryway Rug, Non-Slip Front Door Mat, Indoor Mats for Entryway, Machine Washable Pet Rug, Grey 30""x19""",24.95,4.7,49281
B071WCV19B,pet-supplies,50,"Zesty Paws Allergy Immune Bites - Dog Allergy Chews, Dog Probiotics for Itchy Skin and Ears, Lamb, 90ct",32.97,4.2,100178
B0FJN3BTPV,sports,1,"Owala FreeSip Insulated Stainless Steel Water Bottle with Straw, BPA-Free Sports Water Bottle, Great for Travel, 24 Oz, Black Cherry",29.99,4.7,120243
B01LR5RG08,sports,2,Amazon Basics Neoprene Dumbbell Hand Weights for Exercise and Muscle Toning,9.77,4.8,126278
B0FK18HSQB,sports,3,"Owala FreeSip Sway Insulated Stainless Steel Water Bottle with Two-Way Spout, Built-In Straw and Bucket Handle, Made for Travel, School, and Sports, 30oz, BPA Free, Leak Proof, Dreamy Field",34.99,4.7,7324
B07518RBH2,sports,4,"ZELUS Weighted Vest, 6lb/8lb/12lb/16lb/20lb/25lb/30lb Weight Vest with Reflective Stripe for Workout, Strength Training, Running, Fitness, Muscle Building, Weight Loss, Weightlifting",28.98,4.6,15726
B0DHT5XZR1,sports,5,Callaway Golf Supersoft Golf Balls (2025),26.97,4.8,4812
B0B41MYSGP,sports,6,"BAND-AID Brand Travel Ready Portable Emergency First Aid Kit for Minor Wound Care, Perfect for Home, Car, Travel, Camping Essentials & Outdoor Emergency Kit, 80 Pieces",10.98,4.8,13307
B0FJ5G1Y31,sports,7,"IDAODAN Electric Balloon Pump, Portable Electric Balloon Blower Machine Balloon Air Pump Dual Nozzle Rose Red 110V 600W Balloon Inflator for Party Decorations",14.99,4.5,7170
B01AVDVHTI,sports,8,"Fit Simplify Resistance Loop Exercise Bands with Instruction Guide and Carry Bag, Set of 5",9.98,4.5,135416
B0GDV7YDV8,sports,9,AXV Vibration Plate Fitness Platform Exercise Machine Vibrating Shaking Full Body Shaker Workout Vibrate Stand Shake Board Sport for Weight Loss Fat Burner for Gym Home Office,79.99,4.5,12555
B0B5F9SZW7,sports,10,"Fitbit Inspire 3 Health &-Fitness-Tracker with Stress Management, Workout Intensity, Sleep Tracking, 24/7 Heart Rate and more, Midnight Zen/Black One Size (S & L Bands Included)",79.95,4.2,24115
B01K1TX77W,sports,11,"Rainleaf Microfiber Towel Perfect Travel & Gym & Camping Towel. Quick Dry - Super Absorbent - Ultra Compact - Lightweight. Suitable for Trip, Beach, Shower, Backpacking, Pool",12.99,4.7,29748
B001FZCVTM,sports,12,WILSON Championship Tennis Balls,3.59,4.8,14100
B01LP0U5X0,sports,13,Amazon Basics Extra Thick Exercise Yoga Mat with Carrying Strap,22.48,4.6,68340
B0B337ZY41,sports,14,"Dragon Shield | Standard Size Card Matte Sleeves | 100 CT - Smooth & Tough Premium TCG Sleeves | Compatible with Pokemon, Flesh & Blood, One Piece & Magic the Gathering | Blood Red - Matte",11.79,4.8,37540
B0GTYJXMT7,sports,15,"Owala Star Wars FreeSip Sway Insulated Stainless Steel Water Bottle with Two-Way Spout, Built-In Straw and Bucket Handle, Made for Travel, School, and Sports, 30oz, BPA Free, Leak Proof, Darth Vader",39.99,,
B0869HGSVL,sports,16,"Intex 64417ED 22in Queen Dura-Beam Comfort Plush High-Rise Inflatable Air Mattress with Built in Pump for Travel and Camping, 600lb Weight Capacity",72.99,4.3,65125
B0DR9ML5X9,sports,17,STANLEY IceFlow 2.0 Flip Straw Tumbler with Handle 30 oz | Twist On Lid and Flip Up Straw | Leak Resistant Water Bottle | Insulated Stainless Steel | BPA-Free | Rose Quartz,35,4.7,59638
B08QDWMMW5,sports,18,"Cool Coolers by Fit & Fresh 4 Pack XL Slim Ice Packs, Quick Freeze Space Saving Reusable Ice Packs for Lunch Boxes or Coolers, Multi",12.99,4.7,47396
B07XYYBHFT,sports,19,"Gaiam Yoga Block - Supportive Latex-Free Eva Foam - Soft Non-Slip Surface with Beveled Edges for Yoga, Pilates, Meditation",11.99,4.7,9649
B000UVTDLG,sports,20,"SABRE Pepper Spray - Quick Release Keychain for Easy Carry & Fast Access, Max Police Strength Self Defense OC Spray with UV Dye, 10 Sec. Spray Time, Finger Grip - Faster Aim, 0.54 fl oz, Secure Safety",,4.7,109733
B01N1HEY0M,sports,21,Reaction Tackle Braided Fishing Line - Pro Grade Power Performance for Saltwater or Freshwater Fish - Colored Fishing Line Braid for Extra Visibility,11.98,4.5,25165
B09DF9NWC7,sports,22,"Jump Rope, Tangle-Free Rapid Speed Jumping Rope Cable with Ball Bearings for Women, Men & Kids, Adjustable Steel Jump Rope with Foam Handles for Home Gym Exercise Fitness Workout Equipment & Slim Body",8.99,4.5,24353
B0GTMTZF3V,sports,23,"Google Fitbit Air - Screenless Activity Tracker with Fitness, Heart Rate, and Sleep Tracking - Personalized AI-Powered Coaching - Up to 7 Days’ Battery Life - Works with iOS and Android - Obsidian",99.99,,
B074P8MZW9,sports,24,"Franklin Sports X-40 Outdoor Pickleballs - Official Ball of USA Pickleball, APP Tour + US Open - Regulation Size",28.99,4.7,25245
B0DGHBV6XS,sports,25,"HydroJug Sport - Stainless Steel Tumbler with Straw, Vacuum Insulated, 32oz Leakproof Water Bottle, Ergonomic Design, Reusable, Dishwasher Safe, Rubber Base, Durable for Gym or Outdoors, Pink Sand",29.74,4.6,5750
B08XQ35T47,sports,26,Seago Swim Goggles 2 Pack Anti-Fog Anti-UV Wide View Swimming Goggles for Kids 3-14,14.99,4.4,7390
B0B7CJT5SP,sports,27,"400 Card Sleeves Hard Plastic, Arjiekwei 3""X4"" Baseball Cards Protectors Plastic, Premium Card Holder for Trading Sports Baseball Football Game Cards (200 Hard Sleeve + 200 Soft Sleeve)",25.99,4.6,6739
B0G3Y89LW9,sports,28,"2026 Panini FIFA World Cup Sticker Collection Box – 50 Sticker Packs | Amazon Exclusive Orange Parallel | Official FIFA World Cup Trading Stickers | Collect, Trade & Complete Your Album",99.99,,
B0B9T4KCV7,sports,29,"Nalgene 32 oz Wide Mouth Water Bottle | BPA-Free, Durable & Leak Proof, Lightweight Bottle for Hiking & Gym, Work & Travel",16.44,4.8,25192
B017AGGBTU,sports,30,Sports Research Sweet Sweat Waist Trimmer (Core Series) - Premium Sweat Enhancing Fitness Band for Women & Men,27.95,4.7,228365
B074DZ5YL9,sports,31,Amazon Basics Rubber Hex Dumbbell Hand Weight,19.99,4.7,52028
B08D66HCXW,sports,32,"LHKNL Headlamp Flashlight, Lumen Ultra-Light Bright LED Rechargeable Headlight with White Red Light, 2-Pack Waterproof Motion Sensor Head Lamp,8 Modes for Outdoor Camping Running Hiking Fishing",17.99,4.5,34774
B08MY13HYC,sports,33,Ally Peaks Pull Up Bar for Doorway | Thickened Steel Max Limit 440 lbs Upper Body Fitness Workout Bar| Multi-Grip Strength for Doorway | Indoor Chin-Up Bar Fitness Trainer for Home Gym Portable,27.99,4.4,12881
B0FK18X6Y1,sports,34,"Owala FreeSip Tumbler Insulated Stainless Steel Water Bottle with Built-in Straw and Side Handle, For Travel, Work, School, and Sports, 40oz, BPA Free, Leak Proof, Black Cherry",44.99,4.7,2247
B07KQP1X5T,sports,35,"ATERCEL Workout Gloves for Men and Women, Exercise Gloves for Weight Lifting, Cycling, Gym, Training, Breathable and Snug fit",13.95,4.6,45674
B08DLXZKF7,sports,36,"Resistance Bands for Working Out, 5-Pack Elastic Exercise Bands for Strength Training, Stretching, Workout; Home Gym Equipment for Women Men, Pilates Yoga Physical Therapy, Leg Glute Arm Exercise Kit",9.98,4.5,26422
B07BB3VQ42,sports,37,"Gymreapers Lifting Wrist Straps for Weightlifting, Bodybuilding, Powerlifting, Strength Training, & Deadlifts - Padded Neoprene with 18 inch Cotton",14.95,4.7,25541
B006QF3TW4,sports,38,"LifeStraw Personal Water Filter for Hiking, Camping, Travel, and Emergency Preparedness",15.49,4.8,124342
B08QSL9XQW,sports,39,TaylorMade Golf Distance+ Golf Balls,19.99,4.7,10674
B0CCK976HY,sports,40,FootJoy Men's WeatherSof 2-Pack Golf Glove,22.95,4.7,4433
B0F2WMS7CC,sports,41,"Owala Disney Princess FreeSip Insulated Stainless Steel Water Bottle with Straw for Sports and Travel, BPA-Free Sports Water Bottle, 24 oz, Cinderella",34.99,4.7,14313
B07H9PDL2Y,sports,42,"Gaiam Essentials 2/5"" Thick (10mm) Yoga & Pilates, Fitness & Exercise Mat with Easy-Cinch Carrier Strap Cusion Support For Fitness and Gym Workouts",24.98,4.6,45834
B003IS3HV0,sports,43,"Leather Honey Leather Conditioner, Since 1968. for All Leather Items Including Auto, Furniture, Shoes, Purses and Tack. Non-Toxic and Made in the USA / 8 Fl Oz (Pack of 1)",16.99,4.5,66749
B071V91LGC,sports,44,"Vault X 9 Pocket Zip Binder, 360 Cards, Exo-Tec Material, 20 Side-Loading Pages (Black)",29.99,4.8,8265
B07DK9QZV9,sports,45,"Trideer Exercise Ball for Yoga, Pilates & Fitness – Stability Ball Equipment for Home Gym & Office Chair, Core & Balance Training Accessories, Physical Therapy Equipment, Quick Pump Included, 5 Sizes",16.99,4.6,52946
B07LC4VGKR,sports,46,"Fit + Fresh Cool Coolers Slim, Reusable Ice Packs for Lunch Bags, Beach Bags, Coolers, and More, Set of 4, Multicolored",10.99,4.7,33072
B0CC62ZG1M,sports,47,"Fitbit Charge 6 Fitness Tracker with Google apps, Heart Rate on Exercise Equipment, 6-Months Premium Membership Included, GPS, Health Tools and More, Obsidian/Black, One Size (S & L Bands Included)",119.95,4.1,20278
B08T6LC7SK,sports,48,"Carabiner Clip - Heavy Duty Carabiners 800lbs-13KN (2922 lbs) Carabeaner D Ring Shape,Key Chain Clip Hook,Keychain Clip,Multipurpose for Camping, Hiking,Backpacking or Other Outdoor Activities.",7.99,4.7,3551
B0BZZSC2J2,sports,49,"RAYMYLO One Gallon Water Bottle Insulated, Triple Walled Vacuum Stainless Steel (Cold for 48 Hrs), Leak Proof & Non-BPA, Large Water Flask Jug with Paracord Handle & Straw Spout Lids",46.99,4.7,16394
B07PLZP5LN,sports,50,"HEETA Dry Bag Waterproof for Women Men, 5L/10L/20L/30L/40L Roll Top Lightweight Dry Storage Bag Backpack with Phone Case for Travel Swimming Boating Kayaking Paddle Board Camping Beach Accessories",9.99,4.6,35687
B00CJZ8LAK,tools,2,"Filterbuy 20x20x1 Air Filter MERV 8 Essential Dust & Allergy Defense (4-Pack), Electrostatic Pleated HVAC AC Furnace Filters Replacement (Actual Size: 19.50 x 19.50 x 0.75)",26.96,4.7,157249
B0BZWRSRWV,tools,3,"Ring Battery Doorbell, Home or business security with Head-to-Toe video, Live View with Two-Way Talk, and Motion Detection & Alerts, Satin Nickel",59.99,4.5,48964
B002BWOS5I,tools,4,"Rust-Oleum 334029 Painter's Touch 2X Ultra Cover Spray Paint, 12 oz, Gloss Clear",6.69,4.7,92294
B0882ZJ48W,tools,5,"GE XWFE Refrigerator Water Filter, Genuine Replacement Filter, Certified to Reduce Lead, Sulfur, and 50+ Other Impurities, Replace Every 6 Months for Best Results, Pack of 1",45.01,4.5,40615
B0BDF8CVBN,tools,6,"MCGOR 10inch Under Cabinet Lighting, 2 Pack Rechargeable Motion Sensor Light Indoor, 5 Levels Dimmable Magnetic Closet Lights, Wireless Under Counter Lights for Kitchen, Stairs",15.94,4.5,55273
B0D18VS397,tools,7,Inspire Black Nitrile Disposable Gloves | 4.5 Nitrile Disposable Safety Medical Cooking Cleaning Gloves,8.98,4.6,5914
B0B27HX6P7,tools,8,"2 Pack European Plug Adapter USB C, TESSAN US to Europe Adapter 4 Outlets 3 USB Charger, Type C International Power Adaptor to Italy Spain France Portugal Iceland Germany, Europe Travel Essentials",21.59,4.7,13368
B00UXG4WR8,tools,9,"everydrop by Whirlpool Ice and Water Refrigerator Filter 1, EDR1RXD1, Single-Pack",57,4.7,107751
B00008IHL8,tools,10,"Brita Standard Water Filter for Pitchers and Dispensers, Reduces Copper, Cadmium and Mercury Impurities, Lasts Two Months or 40 Gallons, Includes 6 Filters for Pitchers",23.99,4.8,225753
B0C3SSXL4K,tools,11,Inspire Black Nitrile Gloves HEAVY DUTY 6 Mil Nitrile Chemical Resistant Medical Cooking Cleaning Disposable Black Gloves,,4.7,14883
B091ZFL4X5,tools,12,"Nacome Solar Garden Outdoor Statues Turtle with Succulent and 7 LED Lights - Lawn Decor Statue for Patio, Balcony, Yard Ornament - Gifts for Mom Grandma Women",27.5,4.5,17835
B071NFVVNG,tools,13,"Samsung HAF-QIN/EXP Genuine Refrigerator Water Filter, Reduces 99% of Harmful Contaminants for Clean, Clear Drinking Water, 6-Month Life, Easy Install, Pack of 1",38.5,4.7,42363
B07G2KT7FN,tools,14,"Simply 20x20x1 Air Filter, Merv 8, MPR 600, 6 Pack, Furnace Air Filter for HVAC (Actual Size: 19.75""x19.75""x0.75"") DUST, Pet, & Allergy Control",31.96,4.7,52019
B009PCI2JU,tools,15,"GE RPWFE Refrigerator Water Filter, Genuine Replacement Filter, Certified to Reduce Lead, Sulfur, and 50+ Other Impurities, Replace Every 6 Months for Best Results, Pack of 1",49.98,4.6,57596
B07FNXPGLG,tools,16,"Filtrete 20x25x1 Air Filter MERV 5, 6-Pack AC Furnace HVAC Filters for Home, MPR 300 Basic Dust Defense, Pleated Electrostatic Removes Lint & Dust (Actual Size 19.69x24.69x0.81 in)",39.99,4.7,184812
B004Q69HIU,tools,17,"Filtrete 20x25x1 Air Filter, MERV 11, MPR 1000, Allergens & Pet Dander, 3-Month AC and Furnace Filters, Cleaner Air, Reliable Airflow, 2 HVAC Filters (Actual Size 19.68 x 24.68 x 0.81 in)",28.17,4.8,56916
B0B6B8TDRW,tools,18,"FOXMIS Miniature Frog Garden Statue Mom Gifts Home Decorations Fairy Garden Accessories Outdoor Lights Solar Garden Frog Decor Art Housewarming Gift for Patio,Yard,Lawn Ornament,3.89""x2.36""x3.93",15.09,4.5,2044
B001CUQ1C8,tools,19,"Zerowater Official Replacement Filter - 5-Stage 0 Tds Filter Replacement - System Iapmo Certified To Reduce Lead, Chromium, And Pfoa/Pfos, 2-Pack",32.99,4.5,96239
B01MU7973W,tools,20,"Brita Filter Replacements for Water Pitchers and Dispensers, Elite, NSF Certified to Remove 99% of Lead, 2 Count, Blue",29.78,4.6,54699
B09GLY1S79,tools,21,Funight KN95 Face Masks 50 Pack 5-Ply Breathable Filter Disposable Face Masks Black,24.99,4.6,35144
B074HLRXMP,tools,22,"LG LT1000P - 6 Month / 200 Gallon Capacity Replacement Refrigerator Water Filter (NSF42, NSF53, and NSF401) ADQ74793501, ADQ75795105, AGF80300704, or AGF80300705 White",46.71,4.7,34691
B01D93Z9ZA,tools,23,Felt Furniture Pads X-PROTECTOR 133 PCS Premium Furniture Pads - Felt Pads Furniture Feet Best Wood Floor Protectors - Protect Your Hardwood & Laminate Flooring! Brown and Beige,9.99,4.6,100036
B0CNQPKX9B,tools,24,"European Travel Plug Adapter USB C, HANYCONY International Plug Adapter, US to Europe Adapter Plug 2 Outlets 3 USB Ports(2 C Port), Type C Power Adapter to Italy Spain France Portugal Iceland Germany",8.98,4.7,2746
B00VBP8QPO,tools,25,"everydrop by Whirlpool Ice and Water Refrigerator Filter 2, EDR2RXD1, Single-Pack",57,4.7,45657
B01MUBU0YC,tools,26,"Aquabliss High Output Revitalizing Shower Filter - Reduces Dry Itchy Skin, Dandruff, Eczema, and Dramatically Improves The Condition of Your Skin, Hair and Nails - Chrome (SF100)",36.99,4.4,67933
B07JHQ4L4F,tools,27,"Pro Grade Paint Brushes, 5-Piece Paint Brush Set, Flat & Angle Brushes for Walls, Trim, Cabinets, Interior & Exterior Latex and Oil Paints, Stains",7.99,4.6,70294
B0CY4SYXZX,tools,28,"Funight KN95 Face Masks 50 Pack for Adults, Breathable and Comfortable KN95 Mask with Elastic Ear Loop, Filter Efficiency≥95%, Black",22.99,4.5,4152
B0BPS5QB4D,tools,30,"4 Rolls Premium Painters Tape, Blue Tape, Masking Tape, Paint Tape for Multi-Purpose, Painting, Painter's, DIY Crafts Arts (88yd =0.94IN*22yd*4) Decoration Labeling No Residue, Easy Removal",5.99,4.3,6910
B08Y8NVW6Y,tools,31,LEMENT 50pcs KN95 Face Mask Black 5 Layer Cup Dust Safety Masks Filter Efficiency≥95% Breathable Elastic Ear Loops Black Masks,24.99,4.4,78369
B0002YKBV2,tools,32,"3M N95 Respirator 8511, Cool Flow Valve, 10 Pack, NIOSH-APPROVED, Advanced Filter Media For Easy Breathing, Comfortable For Long Periods Of Wear, Helps Filter Pollen, Mold Spores & Dust (8511PB1-A-PS)",22.69,4.6,16265
B0CQCCB95G,tools,33,"Solar Lanterns Outdoor Waterproof Hummingbird Garden Decor Gifts for Women Mom Grandma Hanging Solar Lights Metal Solar Decoration Outside for Yard, Patio, Backyard, Porch",29.98,4.6,2372
B0BR7SGFCJ,tools,34,"TitanFlex Disposable Nitrile Exam Gloves, 6-mil, Black, Heavy Duty, Latex Free, Food Safe for Cooking & Food Prep",15.99,4.7,12232
B06XCTP65H,tools,35,"Homemory 24Pcs Flickering Flameless Candle Battery Operated, 200+Hours Fake Electric LED Tea Lights for Votive, Centerpiece Table Decorations, Wedding, Aniversary, Halloween, Christmas",9.99,4.7,75877
B0009X8LPE,tools,36,"Rust-Oleum 7798830 Stops Rust Spray Paint, 12 oz, Semi-Gloss Black",6.47,4.7,45804
B0DFPQ4VY8,tools,37,"SWIFTLITE Black Vinyl Gloves, Food Grade Gloves Disposable Latex Free & Powder Free, Guantes for Cleaning Cooking Food Prep",7.49,4.3,7213
B09ND9NGTC,tools,38,"Borje KN95 Face Masks for Adults 50 Pack,5-Ply Black Disposable Face Mask Against PM 2.5 Smoke & Dust, Filtration Efficiency 95%",19.99,4.4,9836
B0DJ1BVZGX,tools,39,"Skrizcable 16/3 25 FT Outdoor Extension Cord Waterproof, Weatherproof & Flame Retardant Black 3 Prong Power Cord Outside for Lawn & Garden, 13 Amps 1625 Watts 125 VAC 16AWG SJTW, ETL Listed",11.79,4.7,4947
B09N6XCCQH,tools,40,"PROMEDIX P Nitrile Disposable Gloves,4mil-100 Count,Gloves Disposable Latex Free,Powder Free for Cooking,Household,Food safe",9.99,4.7,20321
B0DQHJR1YB,tools,41,"High Pressure Rain Shower Head: Upgrade Shower Heads with Handheld Spray Combo with Fixed Showerhead and 10 Sprays Handheld Shower Head, Detachable Shower head Built-in Magnetic Docking and Power Jets",52.99,4.4,9038
B09BZF2X29,tools,42,"akgk KN95 Face Mask 50 PCS, Breathable Protection Masks, 5-Ply KN95 Black Masks, Cup Dust Safety Masks",22.88,4.5,41086
B0B5X5DQPT,tools,43,"Surge Protector Outlet Extender - with Rotating Plug, 6 AC Multi Plug Outlet with 4 USB Ports (2 USB C), 1800J Wall Charger, 3-Sided Power Strip with Spaced Outlet Splitter for Home, Office, Travel",9.99,4.7,17950
B0D65JFRX4,tools,44,"Sink Drain Strainer - Sink Stopper Kitchen Drain, 3 in 1 Kitchen Sink Drain Strainer with Anti-Clogging Basket, Kitchen Gadgets Clearance Sink Accessories, Fit US Standard 3-1/2'' Sink Hole, Silver",8.99,4.6,13107
B0CJMP7WHH,tools,45,"First Alert Smoke Alarm, Battery-Operated Detector with Test & Silence Button, SMI100, 1-Pack",16.99,4.6,4162
B075DFPR2W,tools,46,"Puroma 2 Pack Combination Lock for Locker 4 Digit Outdoor Waterproof Padlock for School, Gym, Sports, Fence, Toolbox, Gate, Case, Outdoor, Hasp Storage (Black)",8.99,4.5,33283
B0BCK98LLG,tools,51,PerkHomy Natural Jute Twine 600 Feet Long Twine String for Crafts Gift Wrapping Packing Gardening Crochet Knitting Macrame Decor (Brown 2mm * 600feet),5.99,4.7,11030
B0C3BC4QG2,tools,52,"Gritin 19 LED Rechargeable Book Light for Reading in Bed with Memory Function- Eye Caring 3 Color Temperatures,Stepless Dimming Brightness,90 Hrs Runtime Lightweight Clip on Light for Book Lovers",15.99,4.8,37675
B00UB38V2A,tools,53,"everydrop® by Whirlpool Ice and Water Refrigerator Filter 4, EDR4RXD1, Single-Pack",50.8,4.7,41035
B09FFCGLHK,tools,54,"JOREST 40Pcs Small Precision Screwdriver Set with Torx Triwing Phillips, Mini Repair Tool Kit for Macbook, Computer, Laptop, PC, iPhone, PS5, Xbox, Switch, Glasses, Watch, Ring Doorbell, Electronics",9.99,4.7,24032
B074TWKVQB,tools,55,"AUGO Magnetic Screen Door - Self Sealing, Heavy Duty, Hands Free Mesh Partition Keeps Bugs Out - Pet and Kid Friendly - Patent Pending Keep Open Feature - 38 Inch x 83 Inch",26.99,4.5,86717
B0D4DJ6BRR,tools,56,"DAYBETTER LED Strip Lights 130ft Lights Strip for Bedroom, Desk, Indoor Room Bedroom Brithday Gifts RGB Decor with Remote and 24V Power Supply",9.98,4.2,40020
B0BZYCJK89,kitchen,1,"Owala FreeSip Insulated Stainless Steel Water Bottle with Straw, BPA-Free Sports Water Bottle, Great for Travel, 24 Oz, Denim",29.99,4.7,120243
B0CP9YB3Q4,kitchen,2,STANLEY Quencher H2.0 Tumbler with Handle and Straw 30 oz | Flowstate 3-Position Lid | Cup Holder Compatible for Travel | Insulated Stainless Steel Cup | BPA-Free | Rose Quartz 2.0,33.35,4.7,92374
B0D6C6GS58,kitchen,3,"HydroJug Traveler - 32 oz Water Bottle with Handle & Flip Straw - Fits in Cup Holder, Leak Resistant Tumbler-Reusable Insulated Stainless Steel & Rubber Base - Gifts for Women & Men, Pink Sand",29.74,4.6,18963
B0113UZJE2,kitchen,4,"Etekcity Food Kitchen Scale, Digital Grams and Ounces for Weight Loss, Baking, Cooking, Keto and Meal Prep, LCD Display, Medium, 304 Stainless Steel",13.99,4.6,173872
B0DF472VMZ,kitchen,5,"Owala SmoothSip Slider Insulated Stainless Steel Coffee Tumbler, Reusable Iced Coffee Cup, Hot Coffee Travel Mug, BPA Free 12 oz, Vanilla Bean",24.99,4.6,12458
B0B2P4P2R4,kitchen,6,Socomi Pink Cheesecloth Table Runner Mothers Day Summer Boho Rustic Gauze Dusty Pink Farmhouse 120 inch 10FT Cheese Cloth for Wedding Party Baby Shower Birthday Home Decor Holiday Decorations,8.99,4.8,6785
B00S93EQUK,kitchen,7,Alpha Grillers Meat Thermometer Digital – Instant Read Food Thermometer for Cooking & Grilling – Professional Kitchen Fathers Day Gift for Dad Men Him Husband,12.97,4.8,88468
B09JNRXJD6,kitchen,8,OEAGO Gifts for Mom Women Mothers Day Valentines Day Gifts Glass Coffee Enamels Mug Best Birthday Valentine's for Her Girlfriend Wife from Daughter Son Tea Cup Christmas Stocking Stuffers,17.69,4.7,7741
B0CYJBB2JQ,kitchen,9,"bella 2 Slice Slim Toaster, Fits-anywhere™ Kitchenware, 6 Setting Shade Control with Reheat & Cancel Buttons, Fits sourdough, 10” Long Slot, Anti Jam & Auto Shutoff, 900 Watt, Oatmilk",24.98,4.2,15311
B0GPFTVFRY,kitchen,10,"STANLEY Quencher ProTour Flip Straw Tumbler | Leakproof Lid, Straw & Handle | Insulated Stainless Steel | Fits Cup Holders | Perfect Mother’s Day Gift | BPA-Free | 30 oz | Rose Quartz Bouquets",45,4.7,16583
B07PZF3QS3,kitchen,11,"KitchenAid All Purpose Kitchen Shears with Protective Sheath Durable Stainless Steel Scissors, Dishwasher Safe, Soft Grip Comfort Handle, 8.72 Inch, Black",7.59,4.8,70787
B07WMQP4SF,kitchen,12,"Homaxy 100% Cotton Waffle Weave Kitchen Dish Cloths, Ultra Soft Absorbent Quick Drying Dish Towels, 12 x 12 Inches, 6-Pack, Dark Grey",8.98,4.5,40143
B0CJF94M8J,kitchen,13,"TrendPlain 16oz/470ml Glass Olive Oil Sprayer for Cooking – 2 in 1 Olive Oil Dispenser Bottle for Kitchen Gadgets and Air Fryer Accessories, Salad, BBQ - Black",7.99,4.6,38673
B0B6PLG6G2,kitchen,14,"Air Fryer Paper Liners, 125Pcs Parchment Paper, Air Fryer Liners Disposable for Microwave, Non-Stick Air Fryer Liner Square Free of Bleach (8IN)",9.99,4.6,31963
B0DFXX2HSX,kitchen,15,Mothers Day Gifts for Mom from Daughter Son - 12oz Funny Coffee Mug for Mom Wife from Husband Unique Marble Coffee Cup with Gold Print Christmas Birthday Mother's Day Present for Mama Stepmother Women,17.99,4.8,319
B0B3JRPB9L,kitchen,16,"Owala Star Wars FreeSip Insulated Stainless Steel Water Bottle with Straw for Sports and Travel, BPA-Free Sports Water Bottle, 24 oz, Darth Vader",34.99,4.7,14313
B07YP2VH4B,kitchen,17,"KitchenAid Classic Multifunction Can Opener and Bottle Opener Easy to Use, Razor Sharp Stainless Steel Cutting Wheel, Soft Ergonomic Handles, Black",13.69,4.6,90100
B0CP4XY9QC,kitchen,18,"YARRAMATE 16oz/470ml Glass Olive Oil Sprayer for Cooking with Stickers, 2 in 1 Oil Dispenser for Kitchen Gadgets, Food Grade Premium Spray Bottle with Portion Control for Salad, Frying, BBQ (Black)",8.89,4.4,43509
B0F9ZXFN2J,kitchen,19,YETI Rambler 20 oz Stainless Steel Vacuum Insulated Tumbler w/MagSlider Lid,28,4.8,145809
B0CRR1LL41,kitchen,20,"AceThrills Mothers Day Gifts for Grandma Gifts for Birthday from Grandkids - Engraved Bamboo Cutting Board 12.3""L x 8.7""W x 0.4""Th (Everything Tastes Better)",16.99,4.7,1614
B07PFYT8MC,kitchen,21,"Reynolds Kitchens Unbleached Parchment Paper Roll, Non Stick Parchment Paper for Cooking and Baking, Oven Safe up to 425 Degrees, Chlorine-Free, 45 Feet x 12 Inches, 45 Total Sq. Ft.",3.99,4.8,27539
B06X9NQ8GX,kitchen,22,"Amazon Basics Digital Kitchen Scale with LCD Display, Tare Function, Multiple Units, Weighs up to 11 Pounds, Batteries Included, Black and Stainless Steel",10.49,4.7,115410
B0764HS4SL,kitchen,23,"Fullstar The Original Pro Chopper - Vegetable Chopper and Spiralizer, Food Chopper with Container, Fruit Slicer, Kitchen Gadgets & Gifts, Home Essentials (4 in 1, White)",26.99,4.5,128328
B0CBM682SQ,kitchen,24,"Pureegg Plastic Table Cloth 10 Pack, 54 x 108 Inch Disposable Table Cloths for Party, Picnic and Wedding, Rectangle, White",12.99,4.5,6492
B07XXSYLL8,kitchen,25,TempPro TP19H Digital Meat Thermometer for Cooking with Ambidextrous Backlit and Motion Sensing Kitchen Cooking Food Thermometer for BBQ Grill Smoker Oil Fry Candy Instant Read (Previously ThermoPro),13.99,4.7,54370
B0CQN2PKC8,kitchen,26,"REDUCE Saltini 16 oz Cocktail Tumbler - Insulated Margarita Tumbler with Lid - Keeps Drinks Cold for 10 Hours - 360 Sippable Martini Glass Alternative - Shatterproof, Perfect for Parties - Lilac Bud",24.99,4.7,1025
B0C3QZ7SNF,kitchen,27,"Cisily Sponge Holder for Kitchen Sink, Sink Caddy Organizer with High Brush Holder, Kitchen Countertop Organizers and Storage Essentials, Rustproof 304 Stainless Steel (Black, 9.25″)",13.99,4.6,12767
B0CNMRW3XB,kitchen,28,"Sok It JavaSok Iced Coffee & Cold Soda Insulated Neoprene Cup Sleeve (Blushing Blooms, Medium: 22-28oz)",16.99,4.8,32468
B01FHOWYA2,kitchen,29,"Ninja Fit Compact Personal Blender | Portable Blender for Smoothies, Shakes, and Frozen Blending | Includes (2) 16-oz. To-Go Cups and Spout Lids | 700 Watt | Black | QB3001SS",54.99,4.7,41710
B0B56CHMSC,kitchen,30,"Lifewit Medium Lunch Bag, Insulated Lunch Box, Soft Cooler Cooling Tote for Adult Men Women, Black 12-Can (9L)",7.99,4.6,58272
B0CRLHDKS1,kitchen,31,BrüMate Era 40 oz Tumbler with Handle and Straw | 100% Leakproof Insulated Water Bottle Tumbler with Lid and Flexible SoftSip Straw | Made of Stainless Steel | Cup Holder Friendly | 40oz (Lilac Dusk),44.99,4.6,17005
B0C6Y8NYK1,kitchen,32,"Air Fryer Paper Liners, 125Pcs Air Fryer Disposable Liners, Non-Stick and Oil Proof for Easy Cleanup, 8” Square for 5-8 qt Basket by Baker's Signature",9.99,4.6,24323
B0D3W6XGLR,kitchen,33,"Dash Rapid Egg Cooker - Boiler, Poacher & Steamer - Includes Measuring & Recipe Guide - Dishwasher Safe - BPA Free - Holds 7 Eggs, Black",19.99,4.6,135488
B0FK124QCT,kitchen,34,"Owala FreeSip Sway Insulated Stainless Steel Water Bottle with Two-Way Spout, Built-In Straw and Bucket Handle, Made for Travel, School, and Sports, 30oz, BPA Free, Leak Proof, Black Cherry",34.99,4.7,7324
B0CHGFG64S,kitchen,35,"ChefAide 5 Pieces Silicone Spatula Set, Food Grade Rubber Spatula, Upgrade Strong Handle with Ergonomic Grip, Heat Resistant Up to 600°F for Nonstick Cookware, Cooking",8.99,4.8,8606
B0F2TB2MMP,kitchen,36,"ukeetap Extra Large Expandable Silverware Organizer, BPA-Free Food-Safe Cutlery Flatware Organizer, Kitchen Utensil Drawer Organizer, Adjustable Silverware Holder for Spoons Forks Knives, Black",5.99,4.7,5439
B0CSJPBJZP,kitchen,37,"Mothers Day Gifts for Mom from Daughter Son, Gifts for Women Mama Stepmom Mother In Law Bonus Mom, Personalized Anniversary Birthday Mothers Day Presents for Wife from Husband - Can Glass Cups 16OZ",15.99,4.8,424
B00G2XGC88,kitchen,38,"Lodge Seasoned Cast Iron Skillet 12 Inches - Quality Frying Pan for the Stove, Oven, Grill & Campfire - Includes Silicone Hot Handle Holder - Non-Toxic, Nonstick & Long-Lasting",34.9,4.7,164177
B0CGRGRXPY,kitchen,39,"SURETIVIAN Chicken Shredder Large Chicken Breast Shredder Tool Twist with Brush&Fork, Visible Meat Shredder Machine, Strong Anti-Slip Strip, Ergonomic Handle, BPA Free, Suitable for Pork Beef Chicken",22.99,4.7,23077
B0C33CHG99,kitchen,40,"Cosori 9-in-1 TurboBlaze Air Fryer 6 Qt, PFAS-Free Ceramic Coating, 90°–450°F, Precise Heating for Even Results, Air Fry, Roast, Bake, Broil, Dry, Frozen, Proof, Reheat, Keep Warm, 120V, Dark Gray",89.87,4.8,19515
B0DJSQQ1ZW,kitchen,41,Electric Salt and Pepper Grinder Set Automatic Battery Pepper Mill Shakers Adjustable Coarseness Upgraded Larger Capacity with Led Home and Kitchen Appliances Birthday Gifts for Women Mom,19.99,4.4,6871
B07N9JTJ6K,kitchen,42,"S&T INC. Dish Drying Mat XL, 18” x 24”, Absorbent Microfiber Kitchen Counter Mat, Dish Drying Pad for Dishes, Utensils, Pots and Pans, Extra Large, Charcoal",11.99,4.7,37452
B0D8PSDMYH,kitchen,43,"DOQAUS Ice Cube Tray with Lid and Bin - 4 Pack Silicone Ice Cube Trays for Freezer, Stackable Ice Bucket Kits with Storage Container & Scoop for Kitchen, RV, Cocktail, Coffee",12.99,4.5,12546
B0FLXY2CBC,kitchen,44,"8 Blade All-in-1 Vegetable Chopper Mandoline Slicer with Container, Food Chopper, Onion Chopper, Veggie Cutter for Salad, Kitchen Gadgets Accessories Essentials, White",19.99,4.4,1716
B0D8J2ZB8P,kitchen,45,"POWCAN 26 oz Insulated Water Bottle with 2-in-1 Straw and Spout Lid, Keep Cold 24H, Leak-Proof, Fits in Car Cup Holder, Stainless Steel Water Bottle for Sports, Travel, and School (Dark Knight)",14.99,4.6,9713
B0855B5Z6F,kitchen,46,"Ninja Professional Plus Blender | Max Power Smoothie Blender, Ice Cream Maker, Frozen Drink Mixer & Margarita Machine | 3 Auto IQ™ Presets, 1400 W, 72oz Total Crushing Pitcher | Dark Grey, BN701",89.98,4.7,19088
B08N9Q24M9,kitchen,47,"Mueller The Real Original Pro Chopper since 2013 Vegetable Chopper Mandoline Slicer, 8 Blade Food Veggie Chopper Onion Vegetable Cutter with Container, Kitchen Gadgets & Essentials, (10 in 1)",24.99,4.5,38998
B0732NXYNS,kitchen,48,"CAROTE Nonstick Frying Pan Skillet,Non Stick Granite Fry Pan Egg Pan Omelet Pans, Stone Cookware Chef's Pan, PFOA Free,Induction Compatible(Classic Granite, 8-Inch)",14.99,4.6,33702
B0C1LB9CKH,kitchen,49,"ChefAide Ice Cube Tray with Lid and Bin, 4 Pack Durable Stackable Ice Trays",6.99,4.4,9170
B0DBDKT4QC,kitchen,50,"HOTOR Insulated Lunch Box for Men & Women - Leak-Proof Cooler Lunch Bag with 4 Pockets, Adjustable Strap, Ideal for Work, Picnic, Travel - Medium, Black, 10.2""×6.9""×8.5""",7.99,4.5,6442
B01FV0F8H8,office,1,"Amazon Basics Multipurpose Copy Printer Paper, 8.5 x 11 Inches, 20 lb, 92 Bright, White, 1 Ream (500 Sheets), Jam-Free",6.97,4.8,219336
B000J07BRQ,office,2,"Scotch Heavy Duty Shipping Packing Tape, Clear, Packing Tape for Moving Boxes and Packaging Supplies, 1.88 in. x 22.2 yd., 6 Roll Dispensers, Moving Supplies",11.99,4.8,107828
B001AFL8GY,office,3,HP Printer Paper | 8.5 x 11 Paper | Copy &Print 20 lb | 1 Ream Case - 500 Sheets| 92 Bright | FSC Certified | 200060,6.97,4.8,100065
B00006IFHD,office,4,"Sharpie Permanent Markers, Fine Tip, Black, 12 Count - Office Supplies, Quick Drying, Fade Resistant, For Wood, Plastic, Paper, Metal, And More",9.98,4.8,44779
B0GBZ91WFP,office,5,"Freshcut Paper Dahlia Sunrise 14.5 Inch Life-Sized 3D Pop Up Cards – Greeting Card, Birthday, Mothers Day, Thank You, Gifts for Mom and Her – Includes Notecard and Envelope",12.95,4.8,4447
B079KL4C91,office,6,"Amazon Basics Clear Thermal Laminating Sheets for Documents and Photos, 9 x 11.5-Inch, 2.8 mil, 200-Pack",17.99,4.8,93267
B06ZY9LP74,office,7,"HP 64 Black & Tri-Color Ink Cartridges Printers (Combo Pack) | Works with Printer Series: Inspire 7950e; Envy Photo 6200, 7100, 7800; Tango | Eligible for Instant Ink | X4D92AN",55.89,4.6,23847
B07R8D1RHS,office,8,"Amazon Basics Sheet Protectors for 3 Ring Binder, Heavyweight, Acid-Free, Clear Plastic Sleeves, Letter Size, 8.5 x 11 Inch, 100-Pack",8.76,4.7,54544
B000MVV6AA,office,9,"Scotch Heavy Duty Shipping Packing Tape, Clear, Shipping and Packaging Supplies, 1.88 in. x 27.7 yd., 1 Tape Roll with Dispenser",3.59,4.8,20121
B0C9W8DD9S,office,10,"Ddaowanx Gel Pens, 6 Pcs 0.5mm Quick Dry Black Ink Pens Fine Point Smooth Writing Pens, Cute Office School Supplies Gifts for Women",7.99,4.6,7975
B01LYHE49W,office,11,"Amazon Basics Sturdy File Folders with Reinforced Tabs for Filing and Organization, 1/3-Cut Tab, Assorted Positions, Letter Size, 8.5x11 inches, Manila, 100-Pack",12.59,4.8,56186
B0DSCMBNSS,office,12,"Freshcut Paper Pop Up Cards, Hummingbird Oasis, 12 Inch Life Sized Forever Flower Bouquet 3D Popup Greeting Card, Birthday Cards, Thank You Card, Blank Notecard & Envelope",12.95,4.8,6872
B0CPFSQBY6,office,13,"Freshcut Paper Peony Paradise 13 Inch Life-Sized 3D Pop Up Card – Birthday, Mothers Day, Thank You, Gifts for Mom and Her – Includes Notecard and Envelope",12.95,4.8,3404
B072FVQNWM,office,14,"Hammermill Printer Paper, 20 lb Copy, 8.5 x 11-8 Ream (4,000 Sheets) - 92 Bright, Made in the USA",59.49,4.8,32775
B00QSR9URI,office,15,"Amazon Basics Wide Ruled Lined Writing Note Pads for Office Supplies, 8.5"" x 11.75"", White, 12-Pack of 50 Perforated Sheets",12.69,4.7,81430
B086BLQZ5L,office,16,"Aothia Non-Slip Waterproof PU Leather Desk Pad Protector for Mouse, Writing Desk, Office, Home, Laptop Blotter, 23.6"" x 13.7"", Black",8.99,4.6,76910
B0012YVGOW,office,17,"BIC Round Stic Xtra Life Ballpoint Pen, Ultra Long Lasting and Consistent Ink Flow, 60-Count in Black Ink",6.37,4.7,70889
B08412PTS8,office,19,"HP 67XL Black High-Yield Ink Cartridge | Works with DeskJet 1255, 2700, 4100, Envy 6000, 6400 Series | Eligible for Instant Ink | 3YM57AN | Packaging May Vary",35.89,4.7,53355
B0004F7GUI,office,20,"EXPO Dry Erase Markers, Low Odor Ink, Assorted Colors, Chisel Tip, 12 Count",13.47,4.7,67607
B0C9V811L6,office,21,"Skylight Calendar: 15-inch Wall Planner Digital Calendar & Chore Chart, Smart Touchscreen Interactive Display for Family Schedules – Wall Mount Included, Great for Organizing Your 2026 Calendar",249.99,4.5,6127
B0BMTPC44X,office,22,"YSAGi Leather Office Desk Pad Protector, Large Mouse Pad, Non-Slip, PU Leather, Laptop Desk Blotter, Waterproof Writing Pad for Office and Home, Black, 23.6"" x 13.8""",8.99,4.7,20641
B0C6LZ8S34,office,23,"Amazon Basics 8-Sheet High Security Cross Cut Paper and Credit Card Shredder with P-4 Security, Auto Shut-off, Black",30.33,4.3,75055
B07YDDX4JL,office,24,"iBayam 3-Pack 8"" Heavy Duty Scissors with Ultra Sharp Blades and Comfort Grip Handles - For Office, Home, School, Sewing, and Crafts",9.99,4.8,85868
B01C5IHGJW,office,25,"Scotch Magic Tape, 3 Dispensered Rolls, Numerous Applications, Invisible, Clear Tape Engineered for Repairing, 3/4 x 300 Inches",4.49,4.8,11385
B00V5DG6IQ,office,26,"Amazon Basics Hanging File Folders with Adjustable Tabs, Sturdy Expandable Document Organizer, Letter Size 8.5x11 inch, Green, 25-Pack",12.97,4.7,126074
B084131T6G,office,27,"HP 67 Black Ink Cartridge | Works with DeskJet 1255, 2700, 4100 and Envy 6000, 6400 Series, Eligible for Instant Ink, 3YM56AN | Packaging May Vary",22.89,4.6,60142
B0C45RJRZ6,office,28,"Hartensteler® Butterflies in Nature Pop Up Card - 3D Butterfly Card for Wife, Husband, Girlfriend, Mom, Dad, Mother, Father (Birthday Card, Get Well, Thank You, Anniversary)",13.99,4.8,2619
B00L1G7K50,office,29,"HP 62 Black Ink Cartridge | Works with Envy 5540, 5640, 5660, 7640, OfficeJet 5740, 8040, OfficeJet Mobile 200, 250 | Instant Ink Eligible | C2P04AN | Packaging May Vary",,4.7,33127
B0D17V82RC,office,30,"Mom's Life Story Journal (Hardcover): A Meaningful Keepsake for Mom to Share Her Journey and Memories, Book Includes 250+ Prompt Questions, Sentimental Gifts for Mother's Day, Birthday & Christmas",29.99,4.8,1464
B079ZV4V3C,office,31,"Amazon Basics Office Stapler with 1000 Staples, 25 Sheet Capacity, Non-Slip, Black, Home Office",6.27,4.6,52431
B0CT4HX4T9,office,32,"Taja Lined Spiral Journal Notebook for Women & Men, 140 Pages, College Ruled Hardcover Notebook for Work & Note Taking, Journals for Writing, A5(5.7"" x 7.9"") - Green",5.94,4.8,6967
B08412HXK9,office,33,"HP 67 Black/Tri-Color Ink Cartridges (2-Pack) | Works with DeskJet 1255, 2700, 4100, Envy 6000, 6400 | Instant Ink Eligible | 3YP29AN | Packaging May Vary",43.89,4.6,62717
B000J09CO6,office,34,"Paper Mate Flair Felt Tip Pens, Medium Point (0.7mm), 12 Count - For Arts & Crafts, Note-Taking, Journaling, School Supplies for Teachers & Students",11.99,4.8,77521
B01D8F5FKS,office,35,"Post-it Super Sticky Notes, 24 Sticky Note Pads, 3 x 3 in., School Supplies, Office Products, 2X the Sticking Power, Supernova Neons Collection",16.99,4.9,9385
B071JM699P,office,36,"Amazon Basics Wood-Cased #2 Pencils for Writing, Drawing and Sketching, Pre-sharpened, HB Soft Lead with Erasers, Teacher Supplies, 150 Count, Yellow",14.36,4.8,103620
B001GAOTSW,office,37,"Pilot G2 Pens, Premium Refillable and Retractable Rolling Ball Gel Pens, Fine Point, 0.7mm, Black Ink, 12-Pack (31020)",12.47,4.8,32667
B0C73JDN4S,office,38,Linbsunne Ballpoint Pens Black Medium Point 1mm Pen with Super Soft Grip Ball Point Pen for Men Women Retractable Pens (gold-12 pcs),8.99,4.8,6192
B0CRQZZ3SJ,office,39,"Airpark Mothers Day Gifts Card, 3D Pop Up Paper Flowers Bouquet 12’‘ with Note & Envelope, Birthday, Get Well, Teacher Appreciation Gifts, Greeting Cards for Women Mom Girls Friends, Daisies and Butterflies",5.99,4.7,4437
B07VNSXY31,office,40,"EZlifego Double Sided Tape Heavy Duty, Nano Double Sided Adhesive Tape, Clear Mounting Tape Picture Hanging Adhesive Strips (9.85FT)",9.99,4.4,128758
B0C7RL8MT8,office,41,"Freshcut Paper Pop Up Cards, Orchid Oasis, 12 Inch Life Sized Forever Flower Bouquet 3D Popup Greeting Card, Anniversary Card, Mother's Day, Blank Notecard & Envelope",12.95,4.7,21630
B077K8JVW4,office,42,"Amazon Basics Heavy Weight Ruled Index Cards for Studying and Note Taking, White, 3"" x 5"", 300 Count (Pack of 3)",4.88,4.7,31786
B000Q5ZGIA,office,43,"BIC Brite Liner Highlighters, Chisel Tip, 5-Count Pack of Highlighters Assorted Colors, Ideal Highlighter Set for Organizing and Coloring",2.37,4.8,46566
B000087KUA,office,44,"Scotch Heavy Duty Shipping Packing Tape, Clear, Shipping and Packaging Supplies, 1.88 in. x 54.6 yd., 6 Tape Rolls",19.98,4.8,17367
B08MBFPFCQ,office,45,"Sharpie Permanent Markers Variety Pack, Includes Chisel, Fine, and Ultra-Fine Tips, Marker Set, Writing, Coloring, Poster, Office, School Supplies, Black, 6 Count",5.74,4.8,32327
B01D0OANU4,office,46,"Aimoh #10 Security Self Seal Envelopes – 100 Qty |No Window, EnveGuard, 4⅛ x 9½"", White, 24 LB, 100 Count (34100)",9.99,4.8,43799
B0CT2R7199,office,51,"HP DeskJet 2855e Wireless All-in-One Color Inkjet Printer, Scanner, Copier, Best-for-home, 3 month Instant Ink trial included. This printer is only 2.4 ghz capable. (588S5A)",49.89,3.8,17441
B004O4LTFI,office,52,"TRU RED 8.5x11 Copy Paper 20 lb. 92-Bright 5000 Sheets/Carton, For Office, School & Home",51.99,4.7,957
B08D4MT4WQ,office,53,"Amazon Basics Heavy Duty Packaging Tape with Dispenser for Shipping, Sealing Boxes, Moving and Storing, 1.88"" x 22.2 yds, 6-Pack, 4.33 x 2.64 x 2.36 in",10.79,4.4,7983
B074XTRX7K,office,54,"Amazon Basics Sturdy Binder Clips, Office Supplies, Medium 1.25 in, Document Organizing, Black, 96 Count (8 Pack of 12)",11.19,4.8,14298
B002MGJZRE,office,55,"BIC Wite-Out EZ Correct Tear-Resistant Correction Tape with 39.3 ft of Tape, 10-Count Pack in White",16.04,4.7,18959
